Receipt ID,Type,Date,Due Date,Invoice Number,Supplier,Category,Customer,Project,Payment Method,Bank Account,GST,Total,Currency,GST (AUD),Total (AUD),Status,Note,Description,Image
11044761960,Receipt,16-Mar-23,,,Kory Mills,365 - Hire / Leasing of Plant & Equipment,,,,,0,300,AUD,0,300,claimed,,PlayGround Renovations ,https://rbnk.me/i/YvrPBYvHP2g
11044737190,Receipt,12-Mar-23,,,Moranbah Trailer Hire,365 - Hire / Leasing of Plant & Equipment,,,New (2064),New (2064),0,253.44,AUD,0,253.44,claimed,,PlayGround Renovations - Removing Landfill,https://rbnk.me/i/wZ8DWyW6fA4
11044725810,ATM withdrawal,16-Apr-23,,,ATM,360 - Garden Maintenance,,,,,0,80,AUD,0,80,claimed,,Fuel for machine ,https://rbnk.me/i/Sv9FszWH1E0
11044722910,Receipt,10-Apr-23,,,Moranbah Trailer Hire,365 - Hire / Leasing of Plant & Equipment,,,New (2064),New (2064),0,256,AUD,0,256,claimed,,Take landfill to Dump,https://rbnk.me/i/JGRXEf5AxLg
11044696860,Receipt,6-Apr-23,,,Quarrico Products,360 - Garden Maintenance,,,,,0,286.28,AUD,0,286.28,claimed,,Sand for Safety ,https://rbnk.me/i/gzzmg5GwtAc
11044692200,Receipt,13-Apr-23,,,Kory Mills,365 - Hire / Leasing of Plant & Equipment,,,,,0,300,AUD,0,300,claimed,,Mini Digger for PlayGround Renovation ,https://rbnk.me/i/FaiE3Mq0chI
11044687620,Receipt,8-May-23,,,PDF,"424 - Postage, Printing & Stationery",,,,,0,100,AUD,0,100,claimed,,Adjusted Postage,https://rbnk.me/i/DktpoboqBNw
11044680760,Receipt,25-May-23,,,Courtney March-Peach,344 - Excursions,,,,,0,45,AUD,0,45,claimed,,Kindermusik ,https://rbnk.me/i/31JQNh6moRE
11044584920,Invoice,2-Apr-23,9-Apr-23,,Bunnings Warehouse,360 - Garden Maintenance,,,New (*540),New (*540),31.8,349.69,AUD,31.8,349.69,claimed,,PlayGround Renovations ,https://rbnk.me/i/9Yue5mCVjS0
11044584780,Invoice,7-May-23,14-May-23,,Bunnings Warehouse,360 - Garden Maintenance,,,New (*064),New (*064),10.51,115.58,AUD,10.51,115.58,claimed,,Plants,https://rbnk.me/i/hjEbvVARenE
11044416370,Invoice,22-May-23,29-May-23,,BIGW,468 - Toys & Books,,,New (2513),New (2513),19.05,209.6,AUD,19.05,209.6,claimed,,Assorted ,https://rbnk.me/i/R17TYh7hAK0
11044415710,Invoice,29-Apr-23,6-May-23,,Kmart,468 - Toys & Books,,,,,0,86.5,AUD,0,86.5,claimed,,Pet Week,https://rbnk.me/i/RpDQlt_-K9U
11044414780,Receipt,6-May-23,,,Prices Plus,305 - Art & Craft,,,,,4.31,47.45,AUD,4.31,47.45,claimed,,Pet Week,https://rbnk.me/i/W1kPe_1yHC4
11044414520,Invoice,21-May-23,28-May-23,,Officeworks,305 - Art & Craft,,,,,0,205.23,AUD,0,205.23,claimed,,Craft & Teaching Supplies,https://rbnk.me/i/J40du6HT6Hg
11044414110,Invoice,29-Apr-23,6-May-23,23-00002505,WABFT,468 - Toys & Books,,,,,0,229.96,AUD,0,229.96,claimed,,Puppets,https://rbnk.me/i/_cmxuZX-9dg
11044413780,Invoice,20-May-23,27-May-23,418AX0XNR,QBD Books Canelands,468 - Toys & Books,,,,,1.82,19.99,AUD,1.82,19.99,claimed,,Puppet,https://rbnk.me/i/vWhXBAzV4zo
11044413510,Invoice,22-May-23,29-May-23,23-00002895,Let The Children Play,468 - Toys & Books,,,,,21.9,240.87,AUD,21.9,240.87,claimed,,Puppets ,https://rbnk.me/i/omBjhc9RMV8
11044410800,Receipt,16-Apr-23,,67273,Prices Plus,305 - Art & Craft,,,,,1.45,15.97,AUD,1.45,15.97,claimed,,Easter,https://rbnk.me/i/kZXc5rwHcCE
11044409950,Invoice,2-Apr-23,9-Apr-23,,BIGW,468 - Toys & Books,,,New (2064),New (2064),0,28.8,AUD,0,28.8,claimed,,Easter,https://rbnk.me/i/qygC6n5HZiQ
11044408100,Invoice,2-Apr-23,9-Apr-23,,Target,468 - Toys & Books,,,New (0540),New (0540),3.36,36.95,AUD,3.36,36.95,claimed,,Pet Week,https://rbnk.me/i/I-x-zQZpGXM
11044408010,Invoice,2-Apr-23,9-Apr-23,4189C75UC,QBD Books,468 - Toys & Books,,,,,1.18,12.99,AUD,1.18,12.99,claimed,,Easter,https://rbnk.me/i/7uNXtUHshKI
11044407540,Invoice,3-Dec-22,10-Dec-22,,BIGW,468 - Toys & Books,,,New (2064),New (2064),5.55,61,AUD,5.55,61,claimed,,Christmas Treats,https://rbnk.me/i/P8n6nXvLEBM
11044407210,Invoice,3-Apr-23,10-Apr-23,,Prices Plus,305 - Art & Craft,,,,,0.72,8,AUD,0.72,8,claimed,,Gift Wrap,https://rbnk.me/i/ZMc-72UJq28
11044406250,Receipt,14-Apr-23,,,Prices Plus,305 - Art & Craft,,,,,6.16,68.18,AUD,6.16,68.18,claimed,,Beauty Salon,https://rbnk.me/i/ePox-zs5V-0
11044405160,Invoice,11-Jan-23,18-Jan-23,,Officeworks,319 - Computer Expenses,,,New (2064),New (2064),12.64,139,AUD,12.64,139,claimed,,Computer Mouse,https://rbnk.me/i/MaMRIMkhXrU
11044403290,Invoice,22-Jan-23,29-Jan-23,,Kmart,468 - Toys & Books,,,New (*915),New (*915),0,57.5,AUD,0,57.5,claimed,,Assorted ,https://rbnk.me/i/pMEfNH4dy5k
11044402710,Invoice,12-Feb-23,19-Feb-23,23-00109508,Kidstuff,468 - Toys & Books,,,,,0,59.99,AUD,0,59.99,claimed,,Doll,https://rbnk.me/i/s3dqx5mBEss
11044401910,Receipt,5-Mar-23,,,Prices Plus,305 - Art & Craft,,,,,5.64,62.39,AUD,5.64,62.39,claimed,,Crafts,https://rbnk.me/i/l5Gt_CLlzic
11044401470,Invoice,5-Mar-23,12-Mar-23,63755,Prices Plus,305 - Art & Craft,,,,,0.64,7,AUD,0.64,7,claimed,,Elastic for hats,https://rbnk.me/i/jtXFh5BsN2w
11044401260,Invoice,25-Feb-23,4-Mar-23,,The Reject Shop,305 - Art & Craft,,,New (*024),New (*024),0.91,10,AUD,0.91,10,claimed,,Easter,https://rbnk.me/i/P0ZxVmTmads
11044400190,Invoice,4-Mar-23,11-Mar-23,901718262,Totally Workwear,468 - Toys & Books,,,,,34.84,383.2,AUD,34.84,383.2,claimed,,Mine Uniform for Display and Dress Up,https://rbnk.me/i/i2hiaJSJ6yA
11044400050,Invoice,4-Mar-23,11-Mar-23,,Officeworks,467 - Teaching Materials and Supplies,,,New (6954),New (6954),35.65,392.01,AUD,35.65,392.01,claimed,,Laminating Machine & book wrap,https://rbnk.me/i/Pq1G263HdcY
11044398800,Invoice,22-Jan-23,29-Jan-23,,Officeworks,467 - Teaching Materials and Supplies,,,,,11.71,128.78,AUD,11.71,128.78,claimed,,Teaching Resources and Office supplies,https://rbnk.me/i/qWwXG1dvIBU
11044396810,Invoice,23-Dec-22,30-Dec-22,22-00009210,WABFT,468 - Toys & Books,,,,,5.46,59.98,AUD,5.46,59.98,claimed,,Games,https://rbnk.me/i/46EDHj5Fq08
11044396320,Invoice,23-Jan-23,30-Jan-23,23-00000508,Let The Children Play,468 - Toys & Books,,,,,0,157.95,AUD,0,157.95,claimed,,Assorted ,https://rbnk.me/i/GqIPqJH0Uog
11044393250,Invoice,10-Jun-23,17-Jun-23,4188H5387,QBD Books Canelands,468 - Toys & Books,,,,,8.86,97.46,AUD,8.86,97.46,claimed,,Bug Week,https://rbnk.me/i/0Wm0MULZCbw
11044392950,Invoice,10-Jun-23,17-Jun-23,,Target,468 - Toys & Books,,,New (2064),New (2064),0,110.3,AUD,0,110.3,claimed,,Book Week,https://rbnk.me/i/JkwDuCnz8B8
11044385500,Invoice,28-May-23,4-Jun-23,134859,Xceed,420 - Pest Control,,,New (4757),New (4757),5.27,57.95,AUD,5.27,57.95,claimed,,Cat Control,https://rbnk.me/i/tsnHRuoC_A8
11044385210,Invoice,14-May-23,21-May-23,133529,Xceed,448 - Repairs and Maintenance,,,,,6.9,75.85,AUD,6.9,75.85,claimed,,PlayGround Renovations retaining wall,https://rbnk.me/i/EgkTh6-WO2c
11044385040,Invoice,5-May-23,12-May-23,QMRBA2AM-SIN,MBHBR,360 - Garden Maintenance,,,,,9.55,105,AUD,9.55,105,claimed,,Safety rubber for around Sandpit (boat),https://rbnk.me/i/y5-Xy6jXRyc
11044384680,Invoice,6-May-23,13-May-23,8612,Diggers Landscape Supplies,360 - Garden Maintenance,,,New (2864),New (2864),78.18,860,AUD,78.18,860,claimed,,Compliance safety fall,https://rbnk.me/i/yJfrHKL9X_8
11044382790,Invoice,27-Mar-23,3-Apr-23,00041758,Unknown Supplier,360 - Garden Maintenance,,,New (2064),New (2064),41.72,458.95,AUD,41.72,458.95,claimed,,Steel for new Shade Sail,https://rbnk.me/i/AtxIqYWVCK0
11044382570,Invoice,18-Mar-23,25-Mar-23,594365326,Reece Australia,360 - Garden Maintenance,,,New (2064),New (2064),0.96,10.57,AUD,0.96,10.57,claimed,,PlayGround Renovations ,https://rbnk.me/i/9CfyIO2bX84
11044381210,Invoice,7-May-23,14-May-23,,Bunnings Warehouse,360 - Garden Maintenance,,,New (2064),New (2064),14.2,156.14,AUD,14.2,156.14,claimed,,Chalk Board,https://rbnk.me/i/GmsTVM7xUYg
11044380630,Invoice,11-Mar-23,18-Mar-23,074801017192 148,Beacon Lighting,"342 - Equipment costing less than $5,000",,,,,72.36,796,AUD,72.36,796,claimed,,Outside Fan for Air Circulation for childrens PlayGround,https://rbnk.me/i/Ss-G4bO_8gw
11044378930,Invoice,29-Apr-23,6-May-23,,Bunnings Warehouse,360 - Garden Maintenance,,,New (*064),New (*064),7.67,84.33,AUD,7.67,84.33,claimed,,PlayGround Renovation ,https://rbnk.me/i/tDXcW7nsS8Q
11044378800,Invoice,18-Mar-23,25-Mar-23,594366093,Unknown Supplier,360 - Garden Maintenance,,,New (2064),New (2064),1.35,14.89,AUD,1.35,14.89,claimed,,PlayGround Renovations ,https://rbnk.me/i/WyHjwlGqj8M
11044378260,Invoice,24-Mar-23,31-Mar-23,792164,Flexihire,365 - Hire / Leasing of Plant & Equipment,,,,,38.6,424.5,AUD,38.6,424.5,claimed,,PlayGround Renovation ,https://rbnk.me/i/ZQ7SNXAa1Xg
11044377750,Invoice,15-Mar-23,22-Mar-23,5996744,L&H Group,360 - Garden Maintenance,,,New (1121),New (1121),3,32.96,AUD,3,32.96,claimed,,PlayGround Renovation ,https://rbnk.me/i/khfzf1cY94Q
11044377520,Invoice,15-Mar-23,22-Mar-23,594303646,Unknown Supplier,360 - Garden Maintenance,,,New (**64),New (**64),17.25,189.68,AUD,17.25,189.68,claimed,,PlayGround Renovations moving Pipe Work due to Safety Hazard,https://rbnk.me/i/DMUzf_41Qc8
11044376680,Invoice,25-Mar-23,1-Apr-23,10790543,HIGH COUNTRY ENTERPRISES,360 - Garden Maintenance,,,,,14.27,156.96,AUD,14.27,156.96,claimed,,PlayGround Renovation Sandpit ,https://rbnk.me/i/1nrnf4H2rgE
11044375830,Invoice,22-Apr-23,29-Apr-23,10793744,HIGH COUNTRY ENTERPRISES,360 - Garden Maintenance,,,,,2.49,27.41,AUD,2.49,27.41,claimed,,PlayGround renovation ,https://rbnk.me/i/5U0OfAZ-aMY
11044375690,Invoice,21-Apr-23,28-Apr-23,10793673,HIGH COUNTRY ENTERPRISES,360 - Garden Maintenance,,,,,5.3,58.35,AUD,5.3,58.35,claimed,,PlayGround Renovation ,https://rbnk.me/i/r3kN6H3okpo
11044375460,Invoice,24-Apr-23,1-May-23,10793922,HIGH COUNTRY ENTERPRISES,360 - Garden Maintenance,,,,,2.57,28.32,AUD,2.57,28.32,claimed,,PlayGround Renovation sand paper,https://rbnk.me/i/vwJ3FuiR9KI
11044375130,Invoice,14-Apr-23,21-Apr-23,10792712,HIGH COUNTRY ENTERPRISES,360 - Garden Maintenance,,,,,75.88,834.68,AUD,75.88,834.68,claimed,,"PlayGround Renovation, new retaining wall",https://rbnk.me/i/7XO030NRFb8
11044374900,Invoice,14-Apr-23,21-Apr-23,609217621,Unknown Supplier,360 - Garden Maintenance,,,New (2064),New (2064),24.2,266.2,AUD,24.2,266.2,claimed,,Cement for Shade Sail Posts,https://rbnk.me/i/eDD2vmLAEic
11044373980,Invoice,20-Mar-23,27-Mar-23,,Bunnings Warehouse,360 - Garden Maintenance,,,New (*064),New (*064),10.48,115.27,AUD,10.48,115.27,claimed,,PlayGround Renovation ,https://rbnk.me/i/DYd3BR0M1qU
11044372110,Invoice,15-Mar-23,22-Mar-23,,Bunnings Warehouse,360 - Garden Maintenance,,,New (*064),New (*064),4.36,48,AUD,4.36,48,claimed,,New Shovel,https://rbnk.me/i/-K66Y-7mE1M
11044371330,Invoice,25-Jan-23,1-Feb-23,,Bunnings Warehouse,360 - Garden Maintenance,,,New (*088),New (*088),7,77,AUD,7,77,claimed,,Bees Wax to care for Wooden products ,https://rbnk.me/i/N5y_wDo7hyA
11044367160,Invoice,4-Mar-23,11-Mar-23,,Bunnings Warehouse,360 - Garden Maintenance,,,New (*024),New (*024),89.93,988.88,AUD,89.93,988.88,claimed,,PlayGround Renovations ,https://rbnk.me/i/62dVkUWlfyY
11044366760,Invoice,14-Jan-23,21-Jan-23,10781917,HIGH COUNTRY ENTERPRISES,360 - Garden Maintenance,,,,,16.17,177.83,AUD,16.17,177.83,claimed,,"Screws for Retaining Wall, Lawn care",https://rbnk.me/i/pYQb79CJcMo
11044364550,Invoice,19-Feb-23,26-Feb-23,126037,Xceed,448 - Repairs and Maintenance,,,,,1.09,11.95,AUD,1.09,11.95,claimed,,Drill Bit,https://rbnk.me/i/gE7lZo0pa6A
11044364040,Invoice,11-Jan-23,18-Jan-23,,Bunnings Warehouse,360 - Garden Maintenance,,,New (*064),New (*064),9.45,103.96,AUD,9.45,103.96,claimed,,Storage,https://rbnk.me/i/nr1l6UQrmtQ
11044363590,Invoice,23-Dec-22,30-Dec-22,,Bunnings Warehouse,360 - Garden Maintenance,,,New (*024),New (*024),18.14,199.48,AUD,18.14,199.48,claimed,,Gardening ,https://rbnk.me/i/zCbQWsYpsr8
11044360970,Invoice,23-Jan-23,30-Jan-23,11536044,NQ Cleaning & Paints,360 - Garden Maintenance,,,New (1893),New (1893),11.45,125.9,AUD,11.45,125.9,claimed,,Sandpit (boat) Paint,https://rbnk.me/i/IXzth1yzs3M
11044351000,Invoice,13-May-23,20-May-23,,Bunnings Warehouse,360 - Garden Maintenance,,,New (*064),New (*064),30.33,333.76,AUD,30.33,333.76,claimed,,Sandpit Plants,https://rbnk.me/i/7IR_ItzwnQU
11034594980,Invoice,4-Mar-23,11-Mar-23,50505,Animal Obsession,392 - Miscellaneous / General Expenses,,,,,77.18,848.98,AUD,77.18,848.98,claimed,,New pet Snake,https://rbnk.me/i/7VM8WmPj2Y0
11034591940,Invoice,31-Mar-23,7-Apr-23,52828,Animal Obsession,392 - Miscellaneous / General Expenses,,,,,8.45,92.99,AUD,8.45,92.99,claimed,,Tank Thermostat ,https://rbnk.me/i/KAFMmBLcDgY
11034591420,Invoice,29-Apr-23,6-May-23,55368,Animal Obsession,392 - Miscellaneous / General Expenses,,,,,13.82,151.99,AUD,13.82,151.99,claimed,,Snake Food and safety Gel,https://rbnk.me/i/CqqAcfzuWHc
11034590780,Invoice,25-May-23,1-Jun-23,57754,Animal Obsession,392 - Miscellaneous / General Expenses,,,,,12.09,132,AUD,12.09,132,claimed,,Heat Lamps for tanks,https://rbnk.me/i/ejylSa1V5vc
11034588560,Invoice,27-Feb-23,6-Mar-23,MB 518085,Sonic Health Plus,350 - First Aid,,,,,0,86,AUD,0,86,claimed,,Medical for Work Requirements ,https://rbnk.me/i/7z5BKLAvYfs
11034587190,Invoice,22-Jan-23,29-Jan-23,1617239EF8,The Windmill Motel Group,392 - Miscellaneous / General Expenses,,,,,15,165,AUD,15,165,claimed,,Accommodations for the night for car update at dealership,https://rbnk.me/i/iq7LHG3hHrk
11032142590,Receipt,18-Jun-23,,,Coles Supermarkets,355 - Food & Drink,,,,,4.33,170.1,AUD,4.33,170.1,claimed,,Menu Planning ,https://rbnk.me/i/TiDoCG7TxD0
11032142360,Invoice,25-Jun-23,2-Jul-23,,Coles Supermarkets,355 - Food & Drink,,,New (2513),New (2513),12.53,175.9,AUD,12.53,175.9,claimed,,Menu Planning ,https://rbnk.me/i/1M759G-vNHI
11032139930,Invoice,26-Jan-23,2-Feb-23,,Coles Supermarkets,355 - Food & Drink,,,,,1.56,104.4,AUD,1.56,104.4,claimed,,Australia Day Cooking Experience ,https://rbnk.me/i/dc0D_kwCWeg
11032137250,Invoice,8-Mar-23,15-Mar-23,,Coles Supermarkets,355 - Food & Drink,,,New (2024),New (2024),0,81.11,AUD,0,81.11,claimed,,Menu Planning,https://rbnk.me/i/s_wvbTwXkww
11032136300,Invoice,20-Feb-23,27-Feb-23,,Coles Supermarkets,355 - Food & Drink,,,New (2024),New (2024),1.07,92.83,AUD,1.07,92.83,claimed,,Menu Planning ,https://rbnk.me/i/h0hu13Mwvog
11032136130,Invoice,14-Jan-23,21-Jan-23,,Coles Supermarkets,355 - Food & Drink,,,,,3.62,290.7,AUD,3.62,290.7,claimed,,Menu Planning & Cleaning Products,https://rbnk.me/i/jKR7J70NEfQ
11032135530,Invoice,23-Jan-23,30-Jan-23,,Coles Supermarkets,355 - Food & Drink,,,New (2064),New (2064),0,70.07,AUD,0,70.07,claimed,,Menu Planning,https://rbnk.me/i/yMbQ9UHFMdI
11032135220,Invoice,18-Jan-23,25-Jan-23,,Coles Supermarkets,355 - Food & Drink,,,New (2024),New (2024),1.75,57.64,AUD,1.75,57.64,claimed,,Menu Planning,https://rbnk.me/i/3xPp_JFw7Fo
11032134770,Invoice,26-Mar-23,2-Apr-23,,Coles Supermarkets,355 - Food & Drink,,,New (2064),New (2064),13.43,267.34,AUD,13.43,267.34,claimed,,Easter Cooking Experience & Menu Planning ,https://rbnk.me/i/CLWSvTWrVeg
11032133640,Invoice,2-Apr-23,9-Apr-23,,Coles Supermarkets,355 - Food & Drink,,,New (2064),New (2064),5.25,104.55,AUD,5.25,104.55,claimed,,Easter Cooking Experience ,https://rbnk.me/i/oanTfnUkay4
11032132670,Receipt,23-Apr-23,,,Coles Supermarkets,355 - Food & Drink,,,New (2064),New (2064),12.07,204.41,AUD,12.07,204.41,claimed,,"Menu Planning, Cleaning Products and Nappy Change Products ",https://rbnk.me/i/VQNf5Pf1HSE
11032131770,Invoice,24-Mar-23,31-Mar-23,,McDonald's,355 - Food & Drink,,,,,8.9,118.95,AUD,8.9,118.95,claimed,,2nd Year Birthday Celebration Lunch ,https://rbnk.me/i/3XhR5NklJMo
11032131220,Invoice,19-Mar-23,26-Mar-23,,Coles Supermarkets,355 - Food & Drink,,,,,16.65,288,AUD,16.65,288,claimed,,Menu Planning,https://rbnk.me/i/ympH7D7Hh6M
11032131090,Invoice,18-Mar-23,25-Mar-23,,Moranbah Bakery,355 - Food & Drink,,,New (9088),New (9088),3.45,37.9,AUD,3.45,37.9,claimed,,Lunch Treat,https://rbnk.me/i/z7ZCtVfXgpM
11032130170,Invoice,17-May-23,24-May-23,,Coles Supermarkets,355 - Food & Drink,,,New (2064),New (2064),2.16,73.4,AUD,2.16,73.4,claimed,,Menu Planning,https://rbnk.me/i/xvV60P9GD_s
11032128340,Invoice,12-May-23,19-May-23,,Coles Supermarkets,355 - Food & Drink,,,New (2064),New (2064),20.56,226.2,AUD,20.56,226.2,claimed,,Pet Food Donation for Pet Week for local carer…,https://rbnk.me/i/YZdjV2DNmcg
11032127400,Receipt,7-May-23,,,Coles Supermarkets,355 - Food & Drink,,,,,4.62,254.86,AUD,4.62,254.86,claimed,,Menu Planning,https://rbnk.me/i/S_SY-mYYH18
11032126080,Invoice,28-May-23,4-Jun-23,,Coles Supermarkets,315 - Cleaning & Laundry,,,New (4757),New (4757),0,5,AUD,0,5,claimed,,Vinegar,https://rbnk.me/i/-llLr-qgkJs
11032125960,Invoice,31-May-23,7-Jun-23,,Coles Supermarkets,355 - Food & Drink,,,,,9.65,158.82,AUD,9.65,158.82,claimed,,Menu Planning & Cleaning Products,https://rbnk.me/i/Eyrypibxh1o
11032125330,Invoice,31-May-23,7-Jun-23,,Coles Supermarkets,355 - Food & Drink,,,New (9088),New (9088),2.45,48.53,AUD,2.45,48.53,claimed,,Menu Planning,https://rbnk.me/i/or_op-vMLWE
11032125150,Invoice,28-May-23,4-Jun-23,,Coles Supermarkets,355 - Food & Drink,,,New (2513),New (2513),2.47,144.69,AUD,2.47,144.69,claimed,,Menu Planning,https://rbnk.me/i/SA-l82yZzXg
10594748250,Receipt,28-Jun-23,,,Target,468 - Toys & Books,,,,,31.67,348.4,AUD,31.67,348.4,claimed,,Family/Community ,https://rbnk.me/i/rtN9L0rqCrs
10572842230,Receipt,26-Jun-23,,,RM Cain,468 - Toys & Books,,,,,0,500,AUD,0,500,claimed,"As the date was either incomplete or not visible on this item, we have used the date of submission.",Toys,https://rbnk.me/i/OdaT4Rm9zno
10568739590,Receipt,18-Jun-23,,,Kia Rego,400-1 - Motor Vehicle Expenses,,,,,0,775.55,AUD,0,775.55,claimed,,12 Months Rego,https://rbnk.me/i/oq3Yw3fZpys
10568581220,Receipt,25-Jun-23,,,Officeworks,467 - Teaching Materials and Supplies,,,,,165.72,1822.95,AUD,165.72,1822.95,claimed,,Phone 100% FDC,https://rbnk.me/i/OG6gzbY9te0
10557819450,Invoice,21-May-23,28-May-23,9306410003308314,Officeworks,305 - Art & Craft,,,New (2513),New (2513),18.62,205.23,AUD,18.62,205.23,claimed,,Craft,https://rbnk.me/i/GFMdttwzGs0
10550124010,Invoice,22-Jun-23,29-Jun-23,,Let Them Play Toys,391 - Memberships and Subscriptions,,,,,4.45,49,AUD,4.45,49,claimed,,Wooden Subscription,https://rbnk.me/i/EHk_s6p9oCM
10537146930,Invoice,21-Jun-23,28-Jun-23,S80053359835620230621,Spotlight Mackay,305 - Art & Craft,,,,,27.09,298,AUD,27.09,298,claimed,,Cricut Press for Iron On,https://rbnk.me/i/6HFJ8EFzS0M
10537078580,Receipt,21-Jun-23,,,Imagine Vinyl,305 - Art & Craft,,,,,6.98,86.8,AUD,6.98,86.8,claimed,,Science & Book Week,https://rbnk.me/i/Y9ar4P7Z_z0
10536748520,Receipt,21-Jun-23,,,Courtney March-Peach,344 - Excursions,,,,,0,45,AUD,0,45,claimed,,Kindermusik ,https://rbnk.me/i/ERyV-h_B1V4
10529030460,Receipt,20-Jun-23,,,Riley Callie Resources,467 - Teaching Materials and Supplies,,,New (8868),New (8868),14.59,160.65,AUD,14.59,160.65,claimed,,NAIDOC Week,https://rbnk.me/i/Kr5uK4HrmJ8
10525505030,Invoice,20-Jun-23,27-Jun-23,N56503,Dreamtime Kullilla-Art,317 - Consumables,,,,,13.18,246.01,AUD,13.18,246.01,claimed,,NAIDOC Week,https://rbnk.me/i/Ban6-I49eKc
10525141150,Receipt,20-Jun-23,,,Ikea,"342 - Equipment costing less than $5,000",,,New (8868),New (8868),25.76,283.4,AUD,25.76,283.4,claimed,,Storage,https://rbnk.me/i/koFPOZTq8vs
10525092980,Receipt,20-Jun-23,,,Ikea,"342 - Equipment costing less than $5,000",,,New (8868),New (8868),21.4,235.4,AUD,21.4,235.4,claimed,,Storage,https://rbnk.me/i/uUfWU3zTfmQ
10510526260,Receipt,18-Jun-23,,,Oskar's Wooden Ark,391 - Memberships and Subscriptions,,,New (2064),New (2064),4.55,50,AUD,4.55,50,claimed,,Silk Subscription,https://rbnk.me/i/z2oLmVRh1uY
10498673390,Receipt,16-Jun-23,,,Agnes Bitcon,315 - Cleaning & Laundry,,,,,0,220,AUD,0,220,claimed,,2Hr Cleaning ,https://rbnk.me/i/IrrNPePipRU
10498672180,Receipt,15-Jun-23,,,The Creative Toy Shop,391 - Memberships and Subscriptions,,,,,7.27,80,AUD,7.27,80,claimed,,Maileg Subscription ,https://rbnk.me/i/-BRH0Dlhj2c
10492914690,Invoice,31-Mar-23,7-Apr-23,00023484,Quarrico Products,360 - Garden Maintenance,,,,,26.03,286.28,AUD,26.03,286.28,claimed,,Cement for Shade Sails,https://rbnk.me/i/RllC8IpOYmo
10492876720,Receipt,4-May-23,,11305,Cq Glass Screens And Tinting,"342 - Equipment costing less than $5,000",,,,,81.36,895,AUD,81.36,895,claimed,,Compliance needed Security Screen Front Door,https://rbnk.me/i/OsIhPGXUHwA
10492863410,Receipt,11-May-23,,,BIGW,468 - Toys & Books,,,,,0,256.25,AUD,0,256.25,claimed,,Pet Week,https://rbnk.me/i/5Tp-YAE48Ec
10492858370,Invoice,4-May-23,11-May-23,INV-0692,PDF Education Supplies,"342 - Equipment costing less than $5,000",,,,,0,588.5,AUD,0,588.5,claimed,,Indigenous Artwork,https://rbnk.me/i/JobTnoJ8QlQ
10492847410,Invoice,11-May-23,18-May-23,INV-2295,FDC Tax,312 - Bookkeeping,,,,,0,550,AUD,0,550,claimed,,Tax,https://rbnk.me/i/1ggV_cXvdQA
10488060240,Receipt,15-Jun-23,,,Juni Moon,468 - Toys & Books,,,New (9039),New (9039),35.84,406.78,AUD,35.84,406.78,claimed,,Felt Food,https://rbnk.me/i/QJKTu8W-2x8
10487700900,Receipt,14-Jun-23,,,Non-Toy Gifts,467 - Teaching Materials and Supplies,,,New (9088),New (9088),0,3.5,USD,0,5.17,claimed,,Printable Resources ,https://rbnk.me/i/vHr_6J7v6d8
10453266110,Receipt,11-Jun-23,,,Ginger Monkey,"342 - Equipment costing less than $5,000",,,New (2064),New (2064),0,480,AUD,0,480,claimed,,Wall Paper Sticker,https://rbnk.me/i/KrO99J1kDQo
10449370720,Invoice,10-Jun-23,17-Jun-23,IN013853/2023,Sass And Spunk Styles,467 - Teaching Materials and Supplies,,,,,12.85,156.45,AUD,12.85,156.45,claimed,,Flisat Table Resources ,https://rbnk.me/i/aZWkWkWPYko
10417932340,Receipt,7-Jun-23,,,Etsy,468 - Toys & Books,,,New (2064),New (2064),0,220,AUD,0,220,claimed,,Cash Register ,https://rbnk.me/i/e_ks79ZlXsw
10417325440,Receipt,7-Jun-23,,,Courtney March-Peach,344 - Excursions,,,,,0,40,AUD,0,40,claimed,,Kindermusik ,https://rbnk.me/i/0ujPm3ykBIU
10417307300,Receipt,7-Jun-23,,,Wild Dough Co,305 - Art & Craft,,,,,0,85.79,AUD,0,85.79,claimed,,Play-Dough,https://rbnk.me/i/BaZMA3uhe7k
10417275200,Receipt,7-Jun-23,,,Juni Moon,468 - Toys & Books,,,New (2064),New (2064),19.35,212.89,AUD,19.35,212.89,claimed,,Felt Food,https://rbnk.me/i/QBNBQ4u4gTM
10417065490,Receipt,7-Jun-23,,,Educating Kids,"342 - Equipment costing less than $5,000",,,,,8.92,98.03,AUD,8.92,98.03,claimed,,Sleep Bed,https://rbnk.me/i/vaJSUZxUIYY
10404858590,Receipt,5-Jun-23,,,Nutmegz Education,467 - Teaching Materials and Supplies,,,New (2064),New (2064),0,16.5,AUD,0,16.5,claimed,,Printable Resources ,https://rbnk.me/i/CaA-OoZjASg
10392683060,Receipt,4-Jun-23,,,Unknown Supplier,467 - Teaching Materials and Supplies,,,New (2064),New (2064),0,9.8,AUD,0,9.8,claimed,,Printable Resources ,https://rbnk.me/i/SSKBVwKoFCE
10388170010,Invoice,2-Jun-23,9-Jun-23,INV-1274,AB Cleaning Services,315 - Cleaning & Laundry,,,,,20,220,AUD,20,220,claimed,,2Hrs Cleaning,https://rbnk.me/i/aX2b_Ev35dk
10388136070,Invoice,1-Jun-23,8-Jun-23,172,Got It Covered,"342 - Equipment costing less than $5,000",,,,,0,2500,AUD,0,2500,claimed,,Shade Sail 100% PlayGround,https://rbnk.me/i/hvnEcz-ktow
10377568190,Receipt,1-Jun-23,,,The Creative Toy Shop,391 - Memberships and Subscriptions,,,,,6.36,69.98,AUD,6.36,69.98,claimed,,CollectA Subscription ,https://rbnk.me/i/O0c15Dqbr0Y
10366860210,Receipt,18-May-23,,,Oskar's Wooden Ark,391 - Memberships and Subscriptions,,,New (2064),New (2064),4.55,50,AUD,4.55,50,claimed,,Silk Subscription,https://rbnk.me/i/xkSnGsLN340
10309228670,Receipt,24-May-23,,,Keen2Kill Pest Control,360 - Garden Maintenance,,,New (2064),New (2064),0,300,AUD,0,300,claimed,,Pest Control 100% FDC Areas only ,https://rbnk.me/i/K8VRs4KkRz4
10295633350,Invoice,20-May-23,27-May-23,CB20231535261,Blake ELearning Australia,391 - Memberships and Subscriptions,,,New (2064),New (2064),1.27,13.99,AUD,1.27,13.99,claimed,,Reading Eggs Subscription ,https://rbnk.me/i/PR7GD0TlFpQ
10233770350,Receipt,15-May-23,,,The Creative Toy Shop,391 - Memberships and Subscriptions,,,,,7.27,80,AUD,7.27,80,claimed,,Maileg Subscription ,https://rbnk.me/i/nS2ntN2EAlI
10202520700,Invoice,11-May-23,18-May-23,IN013711/2023,Sass And Spunk Styles,467 - Teaching Materials and Supplies,,,,,10,120.95,AUD,10,120.95,claimed,,Flisat Table Resources ,https://rbnk.me/i/685tNBdZz2c
10180527540,Invoice,9-May-23,16-May-23,NET-249565,Bedhead,390 - Linen,,,,,14.8,162.85,AUD,14.8,162.85,claimed,,New Hats,https://rbnk.me/i/k8JXKyZ5KzQ
10173540890,Invoice,8-May-23,15-May-23,INV-0693,PDF,"424 - Postage, Printing & Stationery",,,,,9.09,100,AUD,9.09,100,claimed,,Additional Shipping Costs,https://rbnk.me/i/L57l09hkUPE
10163200740,Receipt,5-May-23,,,Modern Teaching Aids,467 - Teaching Materials and Supplies,,,,,13.32,146.39,AUD,13.32,146.39,claimed,,Food Trolley Storage ,https://rbnk.me/i/nJcJL4P-1q8
10146098660,Receipt,4-May-23,,,Courtney March-Peach,344 - Excursions,,,,,0,60,AUD,0,60,claimed,,Kindermusik ,https://rbnk.me/i/R2m_FHyggc4
10133657500,Receipt,3-May-23,,,Teachers Pay Teachers,467 - Teaching Materials and Supplies,,,,,0.43,4.68,USD,0.64,6.98,claimed,,Printable Resources ,https://rbnk.me/i/iXd5vZuF__w
10115104760,Receipt,1-May-23,,,The Creative Toy Shop,391 - Memberships and Subscriptions,,,,,6.36,69.98,AUD,6.36,69.98,claimed,,CollectA Subscription ,https://rbnk.me/i/Douta8MMNZY
10113468400,Receipt,1-May-23,,,Design Bundles,305 - Art & Craft,,,,,0,3.6,USD,0,5.42,claimed,,Superhero Craft,https://rbnk.me/i/i9Pns6V8vjM
10108859380,Receipt,28-Apr-23,,,Little Lifelong Learners,467 - Teaching Materials and Supplies,,,,,0.73,8,AUD,0.73,8,claimed,,Printable Resources ,https://rbnk.me/i/5BBUlF4-VU0
10108857990,Receipt,28-Apr-23,,,Milk Tooth,468 - Toys & Books,,,,,9.25,101.72,AUD,9.25,101.72,claimed,,Toys,https://rbnk.me/i/JSu1CsGyoz0
10097703240,Receipt,28-Apr-23,,,–,468 - Toys & Books,,,,,0,109.01,AUD,0,109.01,claimed,,"Camera, Case and Film",https://rbnk.me/i/GOdIyTucGxU
10097214990,Receipt,28-Apr-23,,,Bunnings Warehouse,305 - Art & Craft,,,,,0,35,AUD,0,35,claimed,,Mothers Day Craft,https://rbnk.me/i/aa5WlzD4tnc
10091767880,Receipt,27-Apr-23,,,Design Bundles,305 - Art & Craft,,,,,0,4.5,USD,0,6.79,claimed,,Superhero Font,https://rbnk.me/i/VEnjzCRrBoE
10091201700,Receipt,27-Apr-23,,,Graceful Designs And Crafts,468 - Toys & Books,,,New (2064),New (2064),0,143,AUD,0,143,claimed,,Bows,https://rbnk.me/i/rcZeRYvloZA
10076238200,Receipt,26-Apr-23,,,Scholastic,468 - Toys & Books,,,,,0,150,AUD,0,150,claimed,,Books,https://rbnk.me/i/UliHkP5vHEA
10057228770,Invoice,24-Apr-23,1-May-23,,CostumeBox Australia,468 - Toys & Books,,,New (2064),New (2064),15.36,168.95,AUD,15.36,168.95,claimed,,SuperHero Costumes,https://rbnk.me/i/qz_ynWaI88Q
10053558080,Receipt,24-Apr-23,,,Sass And Spunk Styles,467 - Teaching Materials and Supplies,,,,,8.64,105.95,AUD,8.64,105.95,claimed,,Flisat Table Resources,https://rbnk.me/i/yoogJqGF6Es
10049742300,ATM withdrawal,22-Apr-23,,,ATM,360 - Garden Maintenance,,,,,0,120,AUD,0,120,claimed,,Sand for Drainage 100% PalyGround,https://rbnk.me/i/hD9Djylit2s
10041170760,Receipt,21-Apr-23,,,The Creative Toy Shop,468 - Toys & Books,,,New (2064),New (2064),26.24,288.6,AUD,26.24,288.6,claimed,,Toys,https://rbnk.me/i/gZ4Lair4x4M
10026718810,Invoice,20-Apr-23,27-Apr-23,CB20231471082,Blake ELearning Australia,391 - Memberships and Subscriptions,,,New (2064),New (2064),1.27,13.99,AUD,1.27,13.99,claimed,,Reading Eggs Subscription ,https://rbnk.me/i/_d5Vvvxn2j4
10026473560,Invoice,20-Apr-23,27-Apr-23,,Bunnings Warehouse,360 - Garden Maintenance,,,New (2064),New (2064),5.95,65.5,AUD,5.95,65.5,claimed,,Retaining Wall Paint 100% PlayGround,https://rbnk.me/i/mZzf61TL0S0
10014303120,Receipt,19-Apr-23,,,The Curated Parcel,468 - Toys & Books,,,New (2064),New (2064),13.62,149.75,AUD,13.62,149.75,claimed,,Toys,https://rbnk.me/i/l7KF3I7ImvA
10002089810,Receipt,18-Apr-23,,,Oskar's Wooden Ark,391 - Memberships and Subscriptions,,,New (2064),New (2064),4.55,50,AUD,4.55,50,claimed,,Silk Subscription,https://rbnk.me/i/c9ryUnZ_7Bg
9998544330,Receipt,15-Apr-23,,,The Creative Toy Shop,391 - Memberships and Subscriptions,,,,,7.27,80,AUD,7.27,80,claimed,,Maileg Subscription ,https://rbnk.me/i/z-LrVHJl8m0
9998334461,Receipt,15-Apr-23,,,Clever Bugs,468 - Toys & Books,,,New (2064),New (2064),13.23,145.43,AUD,13.23,145.43,claimed,,Toys,https://rbnk.me/i/WMTVyq3POuk
9998334458,Receipt,15-Apr-23,,,Twine & Wood Co,305 - Art & Craft,,,,,0,41,AUD,0,41,claimed,,Mother’s Day craft signs,https://rbnk.me/i/-VgcgozYG34
9997370074,Invoice,14-Apr-23,21-Apr-23,N54951,Dreamtime Kullilla-Art,317 - Consumables,,,,,4.64,146.51,AUD,4.64,146.51,claimed,,NAIDOC Week Cooking,https://rbnk.me/i/ZKqrCGWUBQo
9997338114,Invoice,14-Apr-23,21-Apr-23,AUINV23000000998100,Ikea,"342 - Equipment costing less than $5,000",,,,,31.82,350,AUD,31.82,350,claimed,,Trofast Cupboards,https://rbnk.me/i/d_cFIsHMIAo
9997294637,Receipt,14-Apr-23,,,Claire's Creations,468 - Toys & Books,,,,,0,49,AUD,0,49,claimed,"As the date was either incomplete or not visible on this item, we have used the date of submission.",Finger Puppets,https://rbnk.me/i/actJQ3sU8j4
9996168764,Receipt,13-Apr-23,,,Jessica Reichelt,392 - Miscellaneous / General Expenses,,,,,0,110,AUD,0,110,claimed,,Birthday Balloons ,https://rbnk.me/i/hVmmTvSeGsg
9996144798,Statement/remittance advice,12-Apr-23,,,Family Day Care Australia,370 - Insurance: FDC & Public Liability,,,,,0,441.9,AUD,0,441.9,claimed,"As the date was either incomplete or not visible on this item, we have used the date of submission.",FDC Insurance ,https://rbnk.me/i/A6mq1ivUvLg
9996141661,Invoice,12-Apr-23,19-Apr-23,3181,Joykids,"342 - Equipment costing less than $5,000",,,,,0,308,AUD,0,308,claimed,,Wall Bookcase,https://rbnk.me/i/pPPeaLTMdHM
9995483751,Invoice,12-Apr-23,19-Apr-23,IN013570/2023,Sass And Spunk Styles,467 - Teaching Materials and Supplies,,,,,8.01,102.95,AUD,8.01,102.95,claimed,,Flisat Table,https://rbnk.me/i/5h_ciLFzH7w
9995005009,Receipt,12-Apr-23,,,Three Wild Sprouts,468 - Toys & Books,,,New (2064),New (2064),0,206.8,AUD,0,206.8,claimed,,Lady Bug Resources ,https://rbnk.me/i/i3BgkIlwDR8
9993389820,Receipt,10-Apr-23,,,Moranbah Trailer Hire,365 - Hire / Leasing of Plant & Equipment,,,New (2064),New (2064),0,256,AUD,0,256,claimed,,PlayGround waste removal 100% PlayGround,https://rbnk.me/i/Bh7MTjs6fio
9993237265,Receipt,6-Apr-23,,,Booktopia,468 - Toys & Books,,,,,0,189.54,AUD,0,189.54,claimed,,Books,https://rbnk.me/i/KgeF4D0JTsg
9991237997,Receipt,6-Apr-23,,,Clever Patch,467 - Teaching Materials and Supplies,,,,,7.92,87.15,AUD,7.92,87.15,claimed,,Mothers Day Craft,https://rbnk.me/i/RtPGrbhgGig
9991237833,Receipt,6-Apr-23,,,The Creative Toy Shop,468 - Toys & Books,,,New (2064),New (2064),11.27,134.95,AUD,11.27,134.95,claimed,,Toys,https://rbnk.me/i/-hfxFbZ_JFg
9991209347,Invoice,6-Apr-23,13-Apr-23,000000091,NKS Digital,467 - Teaching Materials and Supplies,,,,,0,4.97,USD,0,7.37,claimed,,Printable Resources ,https://rbnk.me/i/p2x71LF2B7g
9991207412,Receipt,5-Apr-23,,,BIGW,468 - Toys & Books,,,,,0,83.9,AUD,0,83.9,claimed,,Books,https://rbnk.me/i/El1ULWESH5k
9988823218,Receipt,4-Apr-23,,,Early Learning Ideas,467 - Teaching Materials and Supplies,,,New (2064),New (2064),0,6.5,USD,0,9.75,claimed,,Printable Resources ,https://rbnk.me/i/jS0Rfi6P2-c
9987546409,Receipt,3-Apr-23,,,Oskar's Wooden Ark,391 - Memberships and Subscriptions,,,New (2064),New (2064),12.99,142.8,AUD,12.99,142.8,claimed,,Silk Subscription,https://rbnk.me/i/6kgliMJX9hY
9987120552,Receipt,1-Apr-23,,,The Creative Toy Shop,391 - Memberships and Subscriptions,,,,,6.36,69.98,AUD,6.36,69.98,claimed,,CollectA Subscription ,https://rbnk.me/i/oWv-EShfgDg
9980613307,Receipt,24-Mar-23,,,Courtney March-Peach,344 - Excursions,,,,,0,25,AUD,0,25,claimed,,Kindermusik ,https://rbnk.me/i/bYaFNPm76zM
9980613283,Receipt,24-Mar-23,,,Scrubby Dub,315 - Cleaning & Laundry,,,,,0,67.5,AUD,0,67.5,claimed,,1.5Hr Cleaning,https://rbnk.me/i/lxAzBdwAe5s
9979966480,Receipt,23-Mar-23,,,Target,468 - Toys & Books,,,,,10.82,119,AUD,10.82,119,claimed,,"Duplo
",https://rbnk.me/i/z0Y68BxBsss
9977639049,Receipt,21-Mar-23,,,Alia,467 - Teaching Materials and Supplies,,,New (2064),New (2064),0,38,AUD,0,38,claimed,,Stimulations Story Resources,https://rbnk.me/i/Q3dw4gKmo10
9976529709,Invoice,20-Mar-23,27-Mar-23,,Let Them Play Toys,391 - Memberships and Subscriptions,,,,,4.45,49,AUD,4.45,49,claimed,,Wooden Subscription,https://rbnk.me/i/w5m-K8JeKY8
9976369339,Invoice,20-Mar-23,27-Mar-23,CB20231404567,Blake ELearning Australia,391 - Memberships and Subscriptions,,,New (2064),New (2064),1.27,13.99,AUD,1.27,13.99,claimed,,Reading Eggs Subscription ,https://rbnk.me/i/HngjrnW43mU
9976285072,Receipt,18-Mar-23,,,Oskar's Wooden Ark,391 - Memberships and Subscriptions,,,New (2064),New (2064),4.55,50,AUD,4.55,50,claimed,,Silk Subscription,https://rbnk.me/i/v_N-KGMwVE8
9974950676,Receipt,17-Mar-23,,,Scholastic,468 - Toys & Books,,,,,0,126,AUD,0,126,claimed,,Books,https://rbnk.me/i/OqYW3B8Ilvs
9974950583,Invoice,17-Mar-23,24-Mar-23,AUINV23000000900596,Ikea,"342 - Equipment costing less than $5,000",,,New (2064),New (2064),29.1,320,AUD,29.1,320,claimed,,Trofast Cupboards ,https://rbnk.me/i/BZtNm_i4E00
9973821177,Receipt,15-Mar-23,,,The Creative Toy Shop,391 - Memberships and Subscriptions,,,,,7.27,80,AUD,7.27,80,claimed,,Maileg Subscription ,https://rbnk.me/i/WdPxQMzeTuw
9972817606,Receipt,15-Mar-23,,,Courtney March-Peach,344 - Excursions,,,,,0,25,AUD,0,25,claimed,,Kindermusik ,https://rbnk.me/i/2-kIjyGSgBY
9971796970,Receipt,12-Mar-23,,,Moranbah Trailer Hire,365 - Hire / Leasing of Plant & Equipment,,,,,0,174.24,AUD,0,174.24,claimed,,PlayGround Waste Removal 100% PlayGround renovation ,https://rbnk.me/i/yNTJVU1HaDs
9970982779,Receipt,13-Mar-23,,,Doterra,315 - Cleaning & Laundry,,,,,10.72,117.95,AUD,10.72,117.95,claimed,,Essential Oils for Cleaning and Diffuser,https://rbnk.me/i/wukV9JxMMNk
9970688762,ATM withdrawal,13-Mar-23,,,ATM,360 - Garden Maintenance,,,,,0,40,AUD,0,40,claimed,,10mm Arg Rock for Drainage 100% PlayGround,https://rbnk.me/i/4PeS4kR_BCY
9970542059,Receipt,12-Mar-23,,,Moranbah Trailer Hire,365 - Hire / Leasing of Plant & Equipment,,,New (2064),New (2064),0,253.44,AUD,0,253.44,claimed,,PlayGround Waste Removal 100% PlayGround renovation ,https://rbnk.me/i/ZwIuCrOjEa0
9970102232,Receipt,11-Mar-23,,,Beacon Lighting,"342 - Equipment costing less than $5,000",,,,,72.36,796,AUD,72.36,796,claimed,,Outdoor Fan Upgrade 100% PlayGround ,https://rbnk.me/i/gywZfNPQLj4
9970051125,Receipt,5-Mar-23,,,Real World Learning,"475 - Workshops, Conferences & Training",,,New (2064),New (2064),0,12,AUD,0,12,claimed,,WorkShop,https://rbnk.me/i/I3UIhtYYi-s
9970051056,Receipt,11-Mar-23,,,In Safe Hands Educators In Safety,"475 - Workshops, Conferences & Training",,,,,0,55,AUD,0,55,claimed,,Child Protection Training,https://rbnk.me/i/PkxnY_eOemI
9970051053,Receipt,11-Mar-23,,,Tara Treasures,468 - Toys & Books,,,New (2064),New (2064),17.67,194.5,AUD,17.67,194.5,claimed,,Felt Play,https://rbnk.me/i/EC7ljmOVXtY
9970051039,Invoice,11-Mar-23,18-Mar-23,N16802,Awe & Wonder,468 - Toys & Books,,,,,8,88,AUD,8,88,claimed,,NAIDOC Week ,https://rbnk.me/i/UoR2jHibYRI
9969113489,Receipt,10-Mar-23,,,Scrubby Dub,315 - Cleaning & Laundry,,,,,0,67.5,AUD,0,67.5,claimed,,1.5Hr Cleaning,https://rbnk.me/i/gs6NTMPgCec
9969113189,Receipt,10-Mar-23,,,Courtney March-Peach,344 - Excursions,,,,,0,25,AUD,0,25,claimed,,Kindermusik ,https://rbnk.me/i/DIKBiXpwj4c
9967145052,Invoice,8-Mar-23,15-Mar-23,,Alia,467 - Teaching Materials and Supplies,,,New (2064),New (2064),0,32,AUD,0,32,claimed,,Simultaneous Story Day resources ,https://rbnk.me/i/VCNb-Xa2HQ8
9961797235,Receipt,1-Mar-23,,,The Creative Toy Shop,391 - Memberships and Subscriptions,,,,,8.63,94.97,AUD,8.63,94.97,claimed,,,https://rbnk.me/i/R1HGkp93Sw0
9958230497,Receipt,26-Feb-23,,,Juni Moon,468 - Toys & Books,,,New (2064),New (2064),22.88,251.71,AUD,22.88,251.71,claimed,,Felt Food,https://rbnk.me/i/GE8zlIDA3Ag
9956169331,Receipt,21-Feb-23,,,Wild Dough Co,305 - Art & Craft,,,,,0,149.5,AUD,0,149.5,claimed,,Playdough,https://rbnk.me/i/BpacMMrNIWk
9956163661,Receipt,23-Feb-23,,,Courtney March-Peach,344 - Excursions,,,,,0,20,AUD,0,20,claimed,,Kindermusik ,https://rbnk.me/i/iJXMJNd5UYY
9956163571,Receipt,23-Feb-23,,,Scrubby Dub,315 - Cleaning & Laundry,,,,,0,45,AUD,0,45,claimed,,1Hr Cleaning,https://rbnk.me/i/ulFnqS3Qf6U
9955410891,Receipt,22-Feb-23,,,Sass And Spunk Styles,467 - Teaching Materials and Supplies,,,,,3.35,47.95,AUD,3.35,47.95,claimed,,Flisat Table Resources ,https://rbnk.me/i/9j7lVlzpmjs
9954067406,Receipt,20-Feb-23,,,Let Them Play Toys,391 - Memberships and Subscriptions,,,,,4.45,49,AUD,4.45,49,claimed,,Wooden Resources Subscription ,https://rbnk.me/i/B-XL14NwSEU
9953030127,Invoice,20-Feb-23,27-Feb-23,CB20231339249,Blake ELearning Australia,391 - Memberships and Subscriptions,,,New (2064),New (2064),1.27,13.99,AUD,1.27,13.99,claimed,,Reading Eggs Subscription ,https://rbnk.me/i/XvaSTWL-fZw
9952955307,ATM withdrawal,19-Feb-23,,,ATM,468 - Toys & Books,,,,,0,50,AUD,0,50,claimed,,Sand for Sandpit 100% PlayGround ,https://rbnk.me/i/pQKDmOdOwIo
9952779029,Invoice,19-Feb-23,26-Feb-23,23378-2023,Butterfly Adventures,392 - Miscellaneous / General Expenses,,,,,10,109.95,AUD,10,109.95,claimed,,Chrysalis Kits,https://rbnk.me/i/tT9tJXBHj6g
9952773371,Receipt,19-Feb-23,,,Teachers Pay Teachers,467 - Teaching Materials and Supplies,,,,,0.3,3.3,USD,0.44,4.8,claimed,,Printable Resources ,https://rbnk.me/i/uFxL5QZn4t4
9952760272,Receipt,18-Feb-23,,,Oskar's Wooden Ark,391 - Memberships and Subscriptions,,,,,0,50,AUD,0,50,claimed,,Silk Subscription ,https://rbnk.me/i/sYjSKveWypw
9950508817,Receipt,15-Feb-23,,,The Creative Toy Shop,391 - Memberships and Subscriptions,,,,,7.27,80,AUD,7.27,80,claimed,,Maileg Subscription ,https://rbnk.me/i/axTrki5SDQA
9948415033,Receipt,13-Feb-23,,,Doterra,315 - Cleaning & Laundry,,,,,10.06,110.95,AUD,10.06,110.95,claimed,,Essential Oils for Cleaning and Diffuser ,https://rbnk.me/i/JlrZ_xrz_1I
9947616314,Receipt,13-Feb-23,,,The Creative Toy Shop,391 - Memberships and Subscriptions,,,,,0,94.97,AUD,0,94.97,claimed,"As the date was either incomplete or not visible on this item, we have used the date of submission.",CollectA Subscription ,https://rbnk.me/i/_2SzoWB7Ut4
9945944939,Receipt,10-Feb-23,,,Milk Tooth,468 - Toys & Books,,,,,20.23,222.4,AUD,20.23,222.4,claimed,,Toys,https://rbnk.me/i/g6VVaJq2xKQ
9945012748,Receipt,9-Feb-23,,,5 Little Bears,305 - Art & Craft,,,New (2064),New (2064),0,129.65,AUD,0,129.65,claimed,,Book Week Craft,https://rbnk.me/i/_G408E2oM1g
9945012743,Invoice,9-Feb-23,16-Feb-23,,Moranbah Blooms & Events,392 - Miscellaneous / General Expenses,,,New (2064),New (2064),8.87,97.5,AUD,8.87,97.5,claimed,,Condolences Flowers for Family ,https://rbnk.me/i/EVsVzu5svb4
9944898448,Receipt,9-Feb-23,,,Scrubby Dub,315 - Cleaning & Laundry,,,,,0,90,AUD,0,90,claimed,,2Hr Cleaning,https://rbnk.me/i/xtkiZM2MqhU
9943841797,Receipt,8-Feb-23,,,Courtney March-Peach,344 - Excursions,,,,,0,20,AUD,0,20,claimed,,Kindermusik ,https://rbnk.me/i/gDSFhsGPevo
9941938151,Receipt,27-Jan-23,,,Super Fun Printables,467 - Teaching Materials and Supplies,,,New (2064),New (2064),0.91,9.99,USD,1.28,14.05,claimed,,Printable Resources ,https://rbnk.me/i/Cc75NqYPXcQ
9941932710,Invoice,6-Feb-23,13-Feb-23,76372,Stay Classy Classrooms,467 - Teaching Materials and Supplies,,,,,0.9,9.9,AUD,0.9,9.9,claimed,,Printable Resources ,https://rbnk.me/i/i6J8WrF1Pn0
9940974893,Receipt,4-Feb-23,,,Samantha Chaseling,468 - Toys & Books,,,,,0,30,AUD,0,30,claimed,"As the date was either incomplete or not visible on this item, we have used the date of submission.",Blocks,https://rbnk.me/i/K6ElGtWn81w
9938184316,Receipt,1-Feb-23,,,The Creative Toy Shop,391 - Memberships and Subscriptions,,,,,8.63,94.97,AUD,8.63,94.97,claimed,,CollectA Subscription ,https://rbnk.me/i/0VetbvSg23I
9937806296,Receipt,1-Feb-23,,,Samantha Chaseling,468 - Toys & Books,,,,,0,180,AUD,0,180,claimed,"As the date was either incomplete or not visible on this item, we have used the date of submission.",Blocks,https://rbnk.me/i/gMsd2PWMuCg
9937173499,Receipt,1-Feb-23,,,Courtney March-Peach,344 - Excursions,,,,,0,20,AUD,0,20,claimed,,Kindermusik ,https://rbnk.me/i/8-ejRurkgYw
9937122150,Receipt,27-Jan-23,,,Castle & Kite,467 - Teaching Materials and Supplies,,,New (2064),New (2064),0.54,5.95,AUD,0.54,5.95,claimed,,Printable Resources ,https://rbnk.me/i/hRDAs5Gdew0
9936293623,Receipt,31-Jan-23,,,P El McDonald,317 - Consumables,,,,,0,90,AUD,0,90,claimed,,Birthday Pillows,https://rbnk.me/i/2fMhEOvUQiQ
9934541138,ATM withdrawal,28-Jan-23,,,ATM,468 - Toys & Books,,,,,0,370,AUD,0,370,claimed,,Mini Loader Hire 100% PlayGround Renovation ,https://rbnk.me/i/YEpZ51V7G-4
9932888899,Receipt,26-Jan-23,,,TK LM ALLEN,468 - Toys & Books,,,,,0,260,AUD,0,260,claimed,"As the date was either incomplete or not visible on this item, we have used the date of submission.",Toy Cafe,https://rbnk.me/i/x4ow5xue9oI
9932888844,Receipt,26-Jan-23,,,Courtney March-Peach,344 - Excursions,,,,,0,20,AUD,0,20,claimed,,Kindermusik ,https://rbnk.me/i/E71HjmIU1fA
9932888727,Receipt,26-Jan-23,,,Scrubby Dub,315 - Cleaning & Laundry,,,,,0,90,AUD,0,90,claimed,,2Hr Cleanign,https://rbnk.me/i/xmb8MsTMaS4
9928399972,Invoice,20-Jan-23,27-Jan-23,CB20231276233,Reading Eggs,391 - Memberships and Subscriptions,,,New (2064),New (2064),1.27,13.99,AUD,1.27,13.99,claimed,,Reading Eggs Subscription ,https://rbnk.me/i/qTO0kRnRE0E
9928399733,Receipt,20-Jan-23,,,Let Them Play Toys,468 - Toys & Books,,,,,3.46,38.05,AUD,3.46,38.05,claimed,,Wooden Toy Subscription ,https://rbnk.me/i/HgUtDMHQ-hw
9926045935,Receipt,18-Jan-23,,,Oskar's Wooden Ark,391 - Memberships and Subscriptions,,,New (2064),New (2064),4.55,50,AUD,4.55,50,claimed,,Silk Subscription,https://rbnk.me/i/zUGxqFx6idM
9924966399,Receipt,17-Jan-23,,,Scrubby Dub,315 - Cleaning & Laundry,,,,,0,45,AUD,0,45,claimed,,2Hr Cleaning,https://rbnk.me/i/FZF7bvEaZfg
9923365548,Receipt,15-Jan-23,,,The Creative Toy Shop,391 - Memberships and Subscriptions,,,,,7.27,80,AUD,7.27,80,claimed,,Maileg Subscription ,https://rbnk.me/i/c9_Q5G9V9DY
9922314246,Receipt,13-Jan-23,,,Doterra,315 - Cleaning & Laundry,,,,,10.06,110.95,AUD,10.06,110.95,claimed,,Essential Oils,https://rbnk.me/i/IJcBW4rgPqQ
9920050151,Credit Note/Refund,11-Jan-23,,,Animal Obsession,392 - Miscellaneous / General Expenses,,,,,0,-60,AUD,0,-60,claimed,"As the date was either incomplete or not visible on this item, we have used the date of submission.",Pet Food,https://rbnk.me/i/K8SLASXvPuc
9919869791,Invoice,11-Jan-23,18-Jan-23,,Discount Party Supplies,305 - Art & Craft,,,,,11.62,127.82,AUD,11.62,127.82,claimed,,Special Events,https://rbnk.me/i/09OYI_tQkl8
9918848622,Receipt,10-Jan-23,,,Our Earth Life,468 - Toys & Books,,,,,0,151.85,AUD,0,151.85,claimed,,Life Cycles,https://rbnk.me/i/EZy3PUCQ3SI
9918837763,Receipt,10-Jan-23,,,Juni Moon,468 - Toys & Books,,,New (2064),New (2064),17.34,190.79,AUD,17.34,190.79,claimed,,Felt Food,https://rbnk.me/i/rZLGXl7Q9ao
9917283595,Receipt,21-Oct-22,,,Cq Glass Screens And Tinting,"342 - Equipment costing less than $5,000",,,,,266.37,2930.1,AUD,266.37,2930.1,claimed,,New Garage Screens,https://rbnk.me/i/TK7M4JURpWQ
9917282645,Receipt,23-Nov-22,,,Courtney March-Peach,344 - Excursions,,,,,0,20,AUD,0,20,claimed,,Kindermusik ,https://rbnk.me/i/vrmRlTm3xbY
9917282490,Receipt,29-Nov-22,,,C Poetzscher,392 - Miscellaneous / General Expenses,,,,,0,54.4,AUD,0,54.4,claimed,,Smelly Reindeer ,https://rbnk.me/i/uMvlLK7k4Tk
9917282183,ATM withdrawal,22-Dec-22,,,ATM,468 - Toys & Books,,,,,0,90,AUD,0,90,claimed,,Duplo Train Set Facebook ,https://rbnk.me/i/Uq0C4Ebr_Vc
9917280961,Receipt,25-Oct-22,,,Unknown Supplier,468 - Toys & Books,,,New (9456),New (9456),0,300,AUD,0,300,claimed,,Boat Sandpit,https://rbnk.me/i/7PZq0S7e5Ss
9917280035,Receipt,8-Oct-22,,,Puma Energy,400-1 - Motor Vehicle Expenses,,,New (2064),New (2064),0,119,AUD,0,119,claimed,,Sandpit boat pick up in Blackwater,https://rbnk.me/i/3XMr8rzxzI4
9917279949,Receipt,8-Oct-22,,,Metro Petroleum Blackwater,400-1 - Motor Vehicle Expenses,,,New (2064),New (2064),0,94.85,AUD,0,94.85,claimed,,Picking up Boat for Sandpit,https://rbnk.me/i/jXsQjsw6nww
9917274449,Receipt,11-Dec-22,,,Prices Plus,305 - Art & Craft,,,,,0.92,10,AUD,0.92,10,claimed,,"Christmas Gift Packing
",https://rbnk.me/i/rogFxdmKf_I
9917274380,Receipt,10-Dec-22,,,Robins Kitchen,467 - Teaching Materials and Supplies,,,New (2064),New (2064),0,95.92,AUD,0,95.92,claimed,,Kid Safe Knives ,https://rbnk.me/i/Ge9wisr0mJY
9917274356,Invoice,12-Dec-22,19-Dec-22,56036,Prices Plus,305 - Art & Craft,,,,,0.64,6.98,AUD,0.64,6.98,claimed,,Christmas Crafts,https://rbnk.me/i/046q6nt5UJo
9917274326,Invoice,3-Jan-23,10-Jan-23,,Coles Supermarkets,355 - Food & Drink,,,New (0171),New (0171),0,6.65,AUD,0,6.65,claimed,,Sensory Play,https://rbnk.me/i/l2NfF7eF-tk
9917274284,Invoice,8-Jan-23,15-Jan-23,,The Reject Shop,305 - Art & Craft,,,New (*064),New (*064),1.18,13,AUD,1.18,13,claimed,"As the date was either incomplete or not visible on this item, we have used the date of submission.",Craft ,https://rbnk.me/i/vsn3F7qXKQA
9917274267,Invoice,23-Dec-22,30-Dec-22,,Target,468 - Toys & Books,,,New (2024),New (2024),8.18,90,AUD,8.18,90,claimed,,Little people ,https://rbnk.me/i/4XTXhyQ0DrU
9917274255,Invoice,23-Dec-22,30-Dec-22,,BIGW,468 - Toys & Books,,,New (2024),New (2024),1.68,18.5,AUD,1.68,18.5,claimed,,Books for Fairy Tale day,https://rbnk.me/i/QmRhMtGr88I
9917274190,Receipt,17-Dec-22,,,Coles Supermarkets,355 - Food & Drink,,,,,4.39,173.39,AUD,4.39,173.39,claimed,,Menu Planning,https://rbnk.me/i/PiRlFUzxQPA
9917274163,Invoice,8-Jan-23,15-Jan-23,,Best & Less,390 - Linen,,,New (*024),New (*024),0.89,10,AUD,0.89,10,claimed,"As the date was either incomplete or not visible on this item, we have used the date of submission.",Kids Christmas PJ Party,https://rbnk.me/i/0ZpH6_cnd48
9917274155,Invoice,23-Dec-22,30-Dec-22,,Bed Bath N' Table,468 - Toys & Books,,,,,0.54,5.99,AUD,0.54,5.99,claimed,,Nutcracker ,https://rbnk.me/i/ELr5tHEFhc8
9917274123,Invoice,17-Dec-22,24-Dec-22,,The Reject Shop,468 - Toys & Books,,,New (0098),New (0098),0.95,10.5,AUD,0.95,10.5,claimed,,Christmas bags,https://rbnk.me/i/5U0wSEWNs24
9917274102,Invoice,11-Dec-22,18-Dec-22,,Officeworks,467 - Teaching Materials and Supplies,,,,,12.08,132.83,AUD,12.08,132.83,claimed,,2023 folders,https://rbnk.me/i/-9JetiCH3KI
9917274075,Receipt,8-Jan-23,,,Coles Supermarkets,355 - Food & Drink,,,,,12.37,293.38,AUD,12.37,293.38,claimed,"As the date was either incomplete or not visible on this item, we have used the date of submission.",Christmas Party,https://rbnk.me/i/nvCZ0dh_12g
9917274036,Invoice,27-Nov-22,4-Dec-22,,Coles Supermarkets,355 - Food & Drink,,,New (2064),New (2064),0,67.54,AUD,0,67.54,claimed,,Menu Planning,https://rbnk.me/i/B0mbR1eldbk
9917273999,Receipt,4-Dec-22,,,Coles Supermarkets,355 - Food & Drink,,,New (2024),New (2024),2.73,95.3,AUD,2.73,95.3,claimed,,Menu Planning,https://rbnk.me/i/KdyxCD7Z78k
9917273977,Receipt,11-Dec-22,,,Coles Supermarkets,355 - Food & Drink,,,,,17.31,398.85,AUD,17.31,398.85,claimed,,Christmas Menu Planning,https://rbnk.me/i/b7tglQdEeUk
9917273950,Receipt,7-Jan-23,,,Coles Supermarkets,355 - Food & Drink,,,,,14.71,280.21,AUD,14.71,280.21,claimed,,Menu Planning,https://rbnk.me/i/BNeQpkxQFBI
9917273924,Receipt,27-Nov-22,,,Prices Plus,305 - Art & Craft,,,,,6.27,68.96,AUD,6.27,68.96,claimed,,Christmas crafts,https://rbnk.me/i/qUbPyVtmryo
9917273919,Invoice,10-Dec-22,17-Dec-22,,BIGW,392 - Miscellaneous / General Expenses,,,New (2024),New (2024),0,81.7,AUD,0,81.7,claimed,,Mixed Items,https://rbnk.me/i/wEAjpaFQzwg
9917273876,Invoice,3-Dec-22,10-Dec-22,,Bunnings Warehouse,448 - Repairs and Maintenance,,,New (*064),New (*064),14.19,156.17,AUD,14.19,156.17,claimed,,Mixed,https://rbnk.me/i/QOW5nyGrbUc
9915046922,Receipt,5-Jan-23,,,Tara Treasures,468 - Toys & Books,,,New (2064),New (2064),14.8,163,AUD,14.8,163,claimed,,Mermaid Resources ,https://rbnk.me/i/ncf1BZZw8uk
9912134761,Receipt,1-Jan-23,,,The Creative Toy Shop,468 - Toys & Books,,,,,4.99,54.89,AUD,4.99,54.89,claimed,,Subscription ,https://rbnk.me/i/69NOHt9nq1Y
9911464840,Invoice,30-Dec-22,6-Jan-23,AUINV23000000622989,Ikea,"342 - Equipment costing less than $5,000",,,New (2064),New (2064),20.27,223,AUD,20.27,223,claimed,,Cupboards,https://rbnk.me/i/tDh_rzabXDo
9911464811,Invoice,30-Dec-22,6-Jan-23,AUINV23000000622984,Ikea,"342 - Equipment costing less than $5,000",,,New (2064),New (2064),20.27,223,AUD,20.27,223,claimed,,Cupboards,https://rbnk.me/i/fd4R8u8KzNI
9910519247,Receipt,28-Dec-22,,,Book Depository,468 - Toys & Books,,,,,11.62,127.73,AUD,11.62,127.73,claimed,,Books,https://rbnk.me/i/2dFngiWEAuk
9906400659,Receipt,20-Dec-22,,,Let Them Play Toys,391 - Memberships and Subscriptions,,,,,3.46,38.05,AUD,3.46,38.05,claimed,,Subscription ,https://rbnk.me/i/Wt-sXGZdGZA
9906304170,Invoice,20-Dec-22,27-Dec-22,CB20221212963,Reading Eggs,391 - Memberships and Subscriptions,,,New (2064),New (2064),1.27,13.99,AUD,1.27,13.99,claimed,,Subscription ,https://rbnk.me/i/gGqjm5oCea4
9906282447,Invoice,20-Dec-22,27-Dec-22,,The Scholastic Store Australia,468 - Toys & Books,,,,,0,92.57,AUD,0,92.57,claimed,,Books,https://rbnk.me/i/D3Rr8DeQblY
9905119354,Receipt,18-Dec-22,,,Oskar's Wooden Ark,391 - Memberships and Subscriptions,,,New (2064),New (2064),4.55,50,AUD,4.55,50,claimed,,Subscription ,https://rbnk.me/i/gpA5nBbSeDg
9903941746,Receipt,16-Dec-22,,,Ikea,"342 - Equipment costing less than $5,000",,,New (2064),New (2064),26.09,287,AUD,26.09,287,claimed,,Cupboards ,https://rbnk.me/i/bkl-TDUGtcI
9903786719,Receipt,16-Dec-22,,,Scrubby Dub,315 - Cleaning & Laundry,,,,,0,80,AUD,0,80,claimed,,2hr Cleaning ,https://rbnk.me/i/uEQpuhT015Y
9903168261,Receipt,15-Dec-22,,,The Creative Toy Shop,391 - Memberships and Subscriptions,,,,,7.27,80,AUD,7.27,80,claimed,,Subscription ,https://rbnk.me/i/CSfRr3kBnqY
9901684538,Receipt,13-Dec-22,,,Doterra,392 - Miscellaneous / General Expenses,,,New (2064),New (2064),0,101.95,AUD,0,101.95,claimed,,Oils ,https://rbnk.me/i/qGXrQ1V98IQ
9900608189,Receipt,12-Dec-22,,,BuyLapbook,467 - Teaching Materials and Supplies,,,,,0,3.7,AUD,0,3.7,claimed,,Frog Resources ,https://rbnk.me/i/YoZYCv-blfU
9899441722,Invoice,10-Dec-22,17-Dec-22,,BIGW,468 - Toys & Books,,,,,23.47,258.25,AUD,23.47,258.25,claimed,,Pantry Storage for Kids Meals,https://rbnk.me/i/3bfbmZbcC3Q
9899441694,Receipt,11-Dec-22,,,Best & Less,390 - Linen,,,,,0,143,AUD,0,143,claimed,,Christmas PJ Party,https://rbnk.me/i/U0-6bdxGFhA
9895961890,Receipt,7-Dec-22,,,RM Cain,467 - Teaching Materials and Supplies,,,,,0,80,AUD,0,80,claimed,,Resources ,https://rbnk.me/i/uilopJl5XC0
9895881514,Receipt,7-Dec-22,,,Courtney March-Peach,344 - Excursions,,,,,0,20,AUD,0,20,claimed,,Kindermusik ,https://rbnk.me/i/_DxOZjSxmUQ
9893249973,Receipt,4-Dec-22,,,Scrubby Dub,315 - Cleaning & Laundry,,,,,0,80,AUD,0,80,claimed,,2hr Cleaning,https://rbnk.me/i/bCo7x61oGkM
9891278607,Receipt,1-Dec-22,,,The Creative Toy Shop,391 - Memberships and Subscriptions,,,,,4.99,54.89,AUD,4.99,54.89,claimed,,Subscription ,https://rbnk.me/i/-2zvb0CnxBw
9891278492,Receipt,1-Dec-22,,FACT First Aid Courses,FACT,350 - First Aid,,,,,0,75,AUD,0,75,claimed,,CPR,https://rbnk.me/i/Ogu3KMyCm28
9889812142,Receipt,30-Nov-22,,,Courtney March-Peach,344 - Excursions,,,,,0,20,AUD,0,20,claimed,,Kindermusik ,https://rbnk.me/i/dUQVcOrt9Mo
9887908596,Receipt,28-Nov-22,,,Samantha Chaseling,390 - Linen,,,,,0,55,AUD,0,55,claimed,,Birthday Crowns,https://rbnk.me/i/gE6epGoPANo
9887545420,Receipt,26-Nov-22,,,Unknown Supplier,468 - Toys & Books,,,,,0,146,AUD,0,146,claimed,"As the date was either incomplete or not visible on this item, we have used the date of submission.",Stuffed Kookaburras ,https://rbnk.me/i/cXEheG51o4c
9887349359,Receipt,26-Nov-22,,,Nestling And Nook,468 - Toys & Books,,,,,6.26,68.75,AUD,6.26,68.75,claimed,,Christmas ,https://rbnk.me/i/jXRuDa6iEI4
9886653895,Receipt,25-Nov-22,,,Life Of Colour,305 - Art & Craft,,,New (2064),New (2064),9.64,106,AUD,9.64,106,claimed,,2023 Christmas ornaments ,https://rbnk.me/i/hxbtIxJfMaA
9886633832,Receipt,25-Nov-22,,,Sass And Spunk Styles,467 - Teaching Materials and Supplies,,,,,7.99,98.95,AUD,7.99,98.95,claimed,,Sensory Table,https://rbnk.me/i/FmR_7-9gGeA
9886630944,Receipt,25-Nov-22,,,Pillow Talk,390 - Linen,,,,,16.22,178.36,AUD,16.22,178.36,claimed,,Christmas Decorations ,https://rbnk.me/i/_q96IW4kDl8
9886630711,Receipt,25-Nov-22,,,Three Wild Sprouts,468 - Toys & Books,,,New (2064),New (2064),0,69.96,AUD,0,69.96,claimed,,Sensory ,https://rbnk.me/i/2n8oZGS0Y-M
9886630675,Receipt,25-Nov-22,,,Growing Kind,468 - Toys & Books,,,,,18.18,199.98,AUD,18.18,199.98,claimed,,Toys,https://rbnk.me/i/GxztMxTtrZY
9885697320,Receipt,24-Nov-22,,,Stay Classy Classrooms,467 - Teaching Materials and Supplies,,,,,1.06,151.51,AUD,1.06,151.51,claimed,,Resources ,https://rbnk.me/i/so0tBJogbkU
9884040974,Receipt,22-Nov-22,,,Wild Dough Co,305 - Art & Craft,,,New (2064),New (2064),0,110.25,AUD,0,110.25,claimed,,Playdough,https://rbnk.me/i/cGs8TExqiTk
9882666218,Receipt,21-Nov-22,,,Branch And Bloom Designs,305 - Art & Craft,,,New (2064),New (2064),6.53,71.88,AUD,6.53,71.88,claimed,,Educator Gifts,https://rbnk.me/i/Un1O2PgNqKw
9882630838,Receipt,21-Nov-22,,,The Creative Toy Shop,468 - Toys & Books,,,New (2064),New (2064),0,10.95,AUD,0,10.95,claimed,,Felt Foods,https://rbnk.me/i/hSCxmPAWEbk
9882606479,Receipt,21-Nov-22,,,Juni Moon,468 - Toys & Books,,,New (2064),New (2064),8.99,114.87,AUD,8.99,114.87,claimed,,Felt Foods,https://rbnk.me/i/omCllxyf2rY
9882533096,Invoice,20-Nov-22,27-Nov-22,CB20221140544,Reading Eggs,391 - Memberships and Subscriptions,,,New (2064),New (2064),1.27,13.99,AUD,1.27,13.99,claimed,,Subscription ,https://rbnk.me/i/O07cQ5uOZ58
9882533012,Receipt,20-Nov-22,,,Let Them Play Toys,391 - Memberships and Subscriptions,,,,,3.46,49,AUD,3.46,49,claimed,,Subscription ,https://rbnk.me/i/dXFq0b8sZ1A
9881325645,Invoice,18-Nov-22,25-Nov-22,,Australia Post,"424 - Postage, Printing & Stationery",,,New (2024),New (2024),1.82,20.05,AUD,1.82,20.05,claimed,,Grandparents Day,https://rbnk.me/i/sdV4qb93fWg
9881191684,Receipt,18-Nov-22,,,Scrubby Dub,315 - Cleaning & Laundry,,,,,0,80,AUD,0,80,claimed,,2hr cleaning,https://rbnk.me/i/5GTx7HhjnCA
9881191312,Invoice,18-Nov-22,25-Nov-22,12332,Ginger Monkey,"342 - Equipment costing less than $5,000",,,,,0,204,AUD,0,204,claimed,,Wall Sticker,https://rbnk.me/i/QAE93uNhDsU
9879079310,Receipt,16-Nov-22,,,Courtney March-Peach,344 - Excursions,,,,,0,20,AUD,0,20,claimed,,Kindermusik ,https://rbnk.me/i/6IQpTsdH6Eg
9878499067,Receipt,15-Nov-22,,,The Creative Toy Shop,391 - Memberships and Subscriptions,,,,,7.27,80,AUD,7.27,80,claimed,,Subscription ,https://rbnk.me/i/L4HlSQAwSng
9878092404,Receipt,15-Nov-22,,,Samantha Chaseling,468 - Toys & Books,,,,,0,45,AUD,0,45,claimed,"As the date was either incomplete or not visible on this item, we have used the date of submission.",Extra Block Set,https://rbnk.me/i/o9X9fupqTDI
9878092202,Receipt,1-Nov-22,,,Tanya Mundy,315 - Cleaning & Laundry,,,,,0,80,AUD,0,80,claimed,,2Hr Cleaning ,https://rbnk.me/i/0qJ-EBeE1YY
9878052678,Invoice,5-Oct-22,12-Oct-22,,Coles Supermarkets,355 - Food & Drink,,,,,3.21,122.28,AUD,3.21,122.28,claimed,,Cooking Experience,https://rbnk.me/i/uwbdQEYZe_M
9878052498,Invoice,30-Oct-22,6-Nov-22,,Coles Supermarkets,355 - Food & Drink,,,New (2064),New (2064),1.27,66.8,AUD,1.27,66.8,claimed,,Meal Prep,https://rbnk.me/i/pVAeR45Qr10
9878052430,Receipt,9-Oct-22,,,Coles Supermarkets,355 - Food & Drink,,,New (2064),New (2064),7.25,256.55,AUD,7.25,256.55,claimed,,Meal Prep,https://rbnk.me/i/167JRc8PvHw
9878052151,Receipt,16-Oct-22,,,Coles Supermarkets,355 - Food & Drink,,,,,6.95,242.09,AUD,6.95,242.09,claimed,,Meal Prep,https://rbnk.me/i/pc5EJ694wB4
9878052054,Invoice,9-Nov-22,16-Nov-22,,Coles Supermarkets,355 - Food & Drink,,,New (2064),New (2064),0,89.3,AUD,0,89.3,claimed,,Cooking Experience/Excursion ,https://rbnk.me/i/ggeEx5FzCS8
9878051960,Invoice,6-Nov-22,13-Nov-22,,Coles Supermarkets,355 - Food & Drink,,,New (2064),New (2064),0,20.1,AUD,0,20.1,claimed,,Excursion,https://rbnk.me/i/luF2M-B-T6w
9878051908,Invoice,31-Jul-22,7-Aug-22,,Coles Supermarkets,355 - Food & Drink,,,New (2064),New (2064),1.09,61.62,AUD,1.09,61.62,claimed,,Meal Prep,https://rbnk.me/i/gBuz1lmrDkI
9878051886,Invoice,15-Aug-22,22-Aug-22,,Coles Supermarkets,355 - Food & Drink,,,New (2064),New (2064),0.75,57.48,AUD,0.75,57.48,claimed,,Cooking Experience,https://rbnk.me/i/dBFGQyjexYg
9878051880,Invoice,16-Aug-22,23-Aug-22,,Coles Supermarkets,355 - Food & Drink,,,New (2064),New (2064),2.72,29.91,AUD,2.72,29.91,claimed,,Meal Prep Containers,https://rbnk.me/i/bLiMfzZ8das
9878051820,Invoice,10-Aug-22,17-Aug-22,,Coles Supermarkets,355 - Food & Drink,,,New (2064),New (2064),2.73,41.7,AUD,2.73,41.7,claimed,,Experiments,https://rbnk.me/i/XaHmOfCV3FE
9878051754,Invoice,11-Aug-22,18-Aug-22,,Coles Supermarkets,355 - Food & Drink,,,New (2064),New (2064),0,29.6,AUD,0,29.6,claimed,,Meal Prep,https://rbnk.me/i/_jMG0znMeTA
9878051639,Invoice,5-Sep-22,12-Sep-22,,Coles Supermarkets,355 - Food & Drink,,,New (2064),New (2064),2.27,62.1,AUD,2.27,62.1,claimed,,Meal Prep,https://rbnk.me/i/zZNAmtpsa1s
9878051609,Invoice,6-Nov-22,13-Nov-22,,Coles Supermarkets,355 - Food & Drink,,,New (2024),New (2024),3.15,143.44,AUD,3.15,143.44,claimed,,Meal Prep,https://rbnk.me/i/3NL60mOaUvg
9878051497,Invoice,23-Oct-22,30-Oct-22,,Coles Supermarkets,355 - Food & Drink,,,,,5.34,191.07,AUD,5.34,191.07,claimed,,Meal Prep,https://rbnk.me/i/b2rBJg5E1jM
9878051415,Receipt,18-Sep-22,,,Coles Supermarkets,355 - Food & Drink,,,,,9.16,214.39,AUD,9.16,214.39,claimed,"As the date was either incomplete or not visible on this item, we have used the date of submission.",Meal Prep,https://rbnk.me/i/x8jNIxkjtFc
9878051255,Invoice,11-Sep-22,18-Sep-22,,Coles Supermarkets,355 - Food & Drink,,,New (2064),New (2064),6.88,156.25,AUD,6.88,156.25,claimed,,Meal Prep/Cleaning Supplies,https://rbnk.me/i/E9GnRpCJpCg
9878051226,Invoice,28-Aug-22,4-Sep-22,,Coles Supermarkets,355 - Food & Drink,,,,,3.27,162.45,AUD,3.27,162.45,claimed,,Meal Prep,https://rbnk.me/i/HjtQE3jkqw0
9878051166,Invoice,20-Aug-22,27-Aug-22,,Coles Supermarkets,355 - Food & Drink,,,,,0.02,269.85,AUD,0.02,269.85,claimed,,Meal Prep,https://rbnk.me/i/nXiplhLLg1Q
9878051022,Receipt,7-Aug-22,,,Coles Supermarkets,355 - Food & Drink,,,New (2064),New (2064),0.55,129.05,AUD,0.55,129.05,claimed,,Meal Prep,https://rbnk.me/i/7CAv_WJgdRk
9878051006,Receipt,2-Aug-22,,,Coles Supermarkets,355 - Food & Drink,,,,,5.09,126.92,AUD,5.09,126.92,claimed,,Meal Prep ,https://rbnk.me/i/Oj5YuuQ-Ml0
9878050823,Invoice,18-Sep-22,25-Sep-22,,Coles Supermarkets,355 - Food & Drink,,,New (2064),New (2064),0,4.4,AUD,0,4.4,claimed,,Craft,https://rbnk.me/i/9GGm1OSUvNQ
9878050753,Invoice,18-Jul-22,25-Jul-22,,Coles Supermarkets,355 - Food & Drink,,,New (2064),New (2064),3.45,70.51,AUD,3.45,70.51,claimed,,Cooking Experience,https://rbnk.me/i/u0wh_Ix_NfQ
9878050706,Invoice,28-Jul-22,4-Aug-22,,Coles Supermarkets,355 - Food & Drink,,,,,0,231.44,AUD,0,231.44,claimed,,Meal Prep,https://rbnk.me/i/O2tKh7s0vC4
9878050657,Invoice,2-Jul-22,9-Jul-22,,Coles Supermarkets,355 - Food & Drink,,,,,0,94.48,AUD,0,94.48,claimed,,Meal Prep/Cleaning Supplies,https://rbnk.me/i/L1guTiN30Qw
9878050598,Invoice,24-Jul-22,31-Jul-22,,Coles Supermarkets,355 - Food & Drink,,,New (2064),New (2064),0.83,38.54,AUD,0.83,38.54,claimed,,Meal Prep,https://rbnk.me/i/C8MhVFrvlv8
9878050394,Invoice,9-Jul-22,16-Jul-22,,Coles Supermarkets,355 - Food & Drink,,,,,7.61,249.51,AUD,7.61,249.51,claimed,,Meal Prep,https://rbnk.me/i/rTCJ3lTrEWs
9878050336,Invoice,5-Jul-22,12-Jul-22,,Coles Supermarkets,355 - Food & Drink,,,New (2064),New (2064),0.77,8.5,AUD,0.77,8.5,claimed,,Cooking Experience,https://rbnk.me/i/o9809lz2qM0
9878050276,Invoice,5-Jul-22,12-Jul-22,,Coles Supermarkets,355 - Food & Drink,,,New (2064),New (2064),1.41,68.27,AUD,1.41,68.27,claimed,,Meal Prep,https://rbnk.me/i/PwnT9JJH16U
9878050227,Invoice,6-Jul-22,13-Jul-22,,Coles Supermarkets,355 - Food & Drink,,,New (9088),New (9088),0.5,15.9,AUD,0.5,15.9,claimed,,Meal Prep,https://rbnk.me/i/TdfpKAQ8fA4
9878049496,Statement/remittance advice,11-Jul-22,,,Kirby,"342 - Equipment costing less than $5,000",,,,,0,3000,AUD,0,3000,claimed,,Vacuum ,https://rbnk.me/i/C8PMsCyzAIE
9878049290,Invoice,31-Oct-22,7-Nov-22,735030,Mackay City Kia,400-1 - Motor Vehicle Expenses,,,,,9.74,107.1,AUD,9.74,107.1,claimed,,Dash Mat,https://rbnk.me/i/PH3mZBvAYuw
9878049176,Invoice,9-Jul-22,16-Jul-22,40824,Prices Plus,305 - Art & Craft,,,,,1.04,11.48,AUD,1.04,11.48,claimed,,Craft,https://rbnk.me/i/1NigExF194I
9878049125,Delivery note,18-Jul-22,,,Baby Today,400-1 - Motor Vehicle Expenses,,,,,0,25,AUD,0,25,claimed,,Seat Belt Extension,https://rbnk.me/i/_r5oQVBO8Sc
9878049027,Invoice,15-Nov-22,22-Nov-22,,Priceline Pharmacy,317 - Consumables,,,,,1.67,53.23,AUD,1.67,53.23,claimed,"As the date was either incomplete or not visible on this item, we have used the date of submission.",RAT Tests,https://rbnk.me/i/b6Ddjl10MwI
9878048837,Invoice,16-Jul-22,23-Jul-22,,Kmart,390 - Linen,,,New (2064),New (2064),0,60,AUD,0,60,claimed,,Towels for Car Seats,https://rbnk.me/i/sSNPYzjdZYA
9878048776,Invoice,16-Jul-22,23-Jul-22,,Autobarn,400-1 - Motor Vehicle Expenses,,,,,2.27,24.99,AUD,2.27,24.99,claimed,,Windscreen Shade Cover,https://rbnk.me/i/VVM6rPSedUA
9878048714,Invoice,16-Jul-22,23-Jul-22,,BCF,400-1 - Motor Vehicle Expenses,,,,,8.18,90,AUD,8.18,90,claimed,,Esky for Excursions,https://rbnk.me/i/0LFWJjm7Gqs
9878048666,Invoice,16-Jul-22,23-Jul-22,,Officeworks,467 - Teaching Materials and Supplies,,,New (2064),New (2064),3.68,40.51,AUD,3.68,40.51,claimed,,Office Supplies,https://rbnk.me/i/OJUltku95G8
9878048368,Receipt,2-Aug-22,,,The Reject Shop,468 - Toys & Books,,,New (*064),New (*064),0,30.5,AUD,0,30.5,claimed,"As the date was either incomplete or not visible on this item, we have used the date of submission.",Eco Sandwich Bags assorted Sizes,https://rbnk.me/i/edPNYGKjKN8
9878048254,Receipt,18-Jul-22,,,Unknown Supplier,300 - Accounting,,,New (2064),New (2064),0,25,AUD,0,25,claimed,,Delivery Fee From Baby Shop,https://rbnk.me/i/Yll7YYSmZlw
9878048031,Invoice,17-Sep-22,22-Nov-22,,BIGW,468 - Toys & Books,,,,,6.48,74.05,AUD,6.48,74.05,claimed,"As the date was either incomplete or not visible on this item, we have used the date of submission.",Halloween,https://rbnk.me/i/LIsfmvC159E
9878048016,Receipt,18-Sep-22,,,Prices Plus,305 - Art & Craft,,,,,1.41,15.48,AUD,1.41,15.48,claimed,,Craft,https://rbnk.me/i/VtKfPPG-qMI
9878047831,Invoice,17-Sep-22,24-Sep-22,,Bunnings Warehouse,360 - Garden Maintenance,,,New (*064),New (*064),45.68,502.49,AUD,45.68,502.49,claimed,,"Storage, Plants and Garden Maintenance ",https://rbnk.me/i/3Mdj8bk5RyM
9878047550,Invoice,2-Aug-22,9-Aug-22,42766,Prices Plus,305 - Art & Craft,,,,,2.2,23.97,AUD,2.2,23.97,claimed,,Craft,https://rbnk.me/i/PRXQo9fLuAQ
9878047517,Receipt,22-Oct-22,,,Prices Plus,305 - Art & Craft,,,,,5.59,61.88,AUD,5.59,61.88,claimed,,Craft,https://rbnk.me/i/VR4-4d2soTs
9878047315,Invoice,9-Oct-22,22-Nov-22,,The Reject Shop,468 - Toys & Books,,,New (*064),New (*064),0.91,10,AUD,0.91,10,claimed,"As the date was either incomplete or not visible on this item, we have used the date of submission.",Stickers for Toilet Training ,https://rbnk.me/i/TEdzNulSRrE
9878047259,Invoice,13-Aug-22,20-Aug-22,,Vinnies-Mackay,468 - Toys & Books,,,,,0,22,AUD,0,22,claimed,,Tea Set,https://rbnk.me/i/KBjj1Wy-CcY
9878047258,Invoice,13-Aug-22,20-Aug-22,,BIGW,468 - Toys & Books,,,New (2064),New (2064),0,184,AUD,0,184,claimed,,Baby Jumper,https://rbnk.me/i/7ys9bZ--zFA
9878047234,Invoice,14-Aug-22,21-Aug-22,,Kmart,468 - Toys & Books,,,,,0,38,AUD,0,38,claimed,,Book Week,https://rbnk.me/i/-D9oi1KDMi0
9878046970,Receipt,20-Aug-22,,,Prices Plus,305 - Art & Craft,,,,,6.04,66.42,AUD,6.04,66.42,claimed,,Crafts,https://rbnk.me/i/beQ3PXkZvp0
9878046694,Invoice,12-Nov-22,19-Nov-22,157644,Baby Today,344 - Excursions,,,,,1.81,19.95,AUD,1.81,19.95,claimed,,Shoes for Ozzy,https://rbnk.me/i/mVgRDtjfZ4Y
9878046628,Invoice,13-Nov-22,20-Nov-22,,Bunnings Warehouse,360 - Garden Maintenance,,,New (*064),New (*064),14.23,156.58,AUD,14.23,156.58,claimed,,Furniture Maintenance,https://rbnk.me/i/yER3s5qGji4
9878046564,Invoice,12-Nov-22,19-Nov-22,,Kmart,468 - Toys & Books,,,,,3.5,38.5,AUD,3.5,38.5,claimed,,Christmas,https://rbnk.me/i/eEvjGUY2xow
9878046415,Invoice,12-Nov-22,19-Nov-22,,BIGW,468 - Toys & Books,,,New (2064),New (2064),7.36,81,AUD,7.36,81,claimed,,Christmas,https://rbnk.me/i/tEcuc-piFsc
9878046385,Receipt,15-Oct-22,,,Mackay City Pet Barn,"342 - Equipment costing less than $5,000",,,New (2064),New (2064),0,113.8,AUD,0,113.8,claimed,,"Pet Food, Tank Lamps",https://rbnk.me/i/1UBz_AGGMio
9878046207,Invoice,15-Oct-22,22-Nov-22,,Pillow Talk,390 - Linen,,,,,1.6,17.55,AUD,1.6,17.55,claimed,"As the date was either incomplete or not visible on this item, we have used the date of submission.",Pink Set,https://rbnk.me/i/mMyaDTL_-Mg
9878046132,Invoice,15-Oct-22,22-Oct-22,,BIGW,468 - Toys & Books,,,New (2064),New (2064),5.45,60,AUD,5.45,60,claimed,,Christmas,https://rbnk.me/i/3_vhdEYHQeQ
9878046031,Invoice,15-Oct-22,22-Oct-22,,Bed Bath N' Table,468 - Toys & Books,,,,,1.36,14.99,AUD,1.36,14.99,claimed,,Christmas Bells for the Door,https://rbnk.me/i/xseFWvXkkTQ
9878045875,Invoice,15-Oct-22,22-Oct-22,75757652,Robins Kitchen,467 - Teaching Materials and Supplies,,,,,5.45,59.98,AUD,5.45,59.98,claimed,,Ice Block Moulds,https://rbnk.me/i/vqpJbFpebQk
9878045784,Invoice,15-Oct-22,22-Oct-22,,Bunnings Warehouse,448 - Repairs and Maintenance,,,New (*064),New (*064),27.36,301.01,AUD,27.36,301.01,claimed,,Equipments for Garage Floor Renovation,https://rbnk.me/i/p6XmsDvaXYY
9878045588,Invoice,31-Oct-22,7-Nov-22,,Kmart,468 - Toys & Books,,,,,0,46.4,AUD,0,46.4,claimed,,Christmas,https://rbnk.me/i/nyEz5fiBfgI
9878045466,Invoice,12-Nov-22,19-Nov-22,,Animal Obsession,392 - Miscellaneous / General Expenses,,,,,15.09,165.97,AUD,15.09,165.97,claimed,,Animal UpKeep,https://rbnk.me/i/PbdFC6Ryrf4
9878045424,Invoice,15-Nov-22,22-Nov-22,,The Reject Shop,305 - Art & Craft,,,,,0.45,5,AUD,0.45,5,claimed,"As the date was either incomplete or not visible on this item, we have used the date of submission.",Christmas,https://rbnk.me/i/sFcdlXlgFko
9878045355,Invoice,16-Aug-22,23-Aug-22,,Coles Supermarkets,355 - Food & Drink,,,New (2064),New (2064),0.82,27.6,AUD,0.82,27.6,claimed,,Meal Prep and Craft,https://rbnk.me/i/_1l_4G_gvFk
9878045226,Invoice,29-Oct-22,5-Nov-22,10773448,HIGH COUNTRY ENTERPRISES,360 - Garden Maintenance,,,,,2.02,22.3,AUD,2.02,22.3,claimed,,Sanding Disc for Toy Boxes,https://rbnk.me/i/lflDBrvNri8
9876972342,Receipt,14-Nov-22,,,The Creative Toy Shop,468 - Toys & Books,,,,,16.86,196.42,AUD,16.86,196.42,claimed,,Sensory ,https://rbnk.me/i/GTNzOkxEltA
9876648273,Invoice,13-Nov-22,20-Nov-22,,Kmart,468 - Toys & Books,,,,,9.08,100,AUD,9.08,100,claimed,,Christams,https://rbnk.me/i/X3sLNWmWA_I
9876614817,Receipt,13-Nov-22,,,Little Treehouse Lane,"342 - Equipment costing less than $5,000",,,,,8.25,90.8,AUD,8.25,90.8,claimed,"As the date was either incomplete or not visible on this item, we have used the date of submission.",Pink Set of Plates,https://rbnk.me/i/IBP3Jvain8I
9876614809,Receipt,13-Nov-22,,,Christine Hayes,305 - Art & Craft,,,,,3.55,39,AUD,3.55,39,claimed,"As the date was either incomplete or not visible on this item, we have used the date of submission.",Crafts,https://rbnk.me/i/OkWKW1QcoAA
9876614732,Receipt,13-Nov-22,,,Unknown Supplier,392 - Miscellaneous / General Expenses,,,,,0,36,AUD,0,36,claimed,"As the date was either incomplete or not visible on this item, we have used the date of submission.",Christmas Socks,https://rbnk.me/i/QLCe3C-0CpU
9876614688,Receipt,13-Nov-22,,,Unknown Supplier,390 - Linen,,,,,0,20,AUD,0,20,claimed,"As the date was either incomplete or not visible on this item, we have used the date of submission.",Bibs,https://rbnk.me/i/I6PjKUQfpWs
9873756158,Receipt,9-Nov-22,,,Neptune Blanket,"342 - Equipment costing less than $5,000",,,,,26.12,287.28,AUD,26.12,287.28,claimed,,Mellow Mat,https://rbnk.me/i/vdR_42-jLZ0
9873693777,Receipt,9-Nov-22,,,Courtney March-Peach,344 - Excursions,,,,,0,20,AUD,0,20,claimed,,Kindermusik,https://rbnk.me/i/tVhvok03NwU
9872732941,Receipt,8-Nov-22,,,Scholastic,468 - Toys & Books,,,,,0,100,AUD,0,100,claimed,,Book Club,https://rbnk.me/i/Qvm-zPwOR_Y
9871581522,Invoice,7-Nov-22,14-Nov-22,,JL Bugeja,344 - Excursions,,,New (2064),New (2064),6.36,70,AUD,6.36,70,claimed,,Animal Farm,https://rbnk.me/i/hea1OpVWW-I
9871159707,Receipt,6-Nov-22,,,Officeworks,"342 - Equipment costing less than $5,000",,,New (7915),New (7915),247.54,2722.95,AUD,247.54,2722.95,claimed,,New Laptop ,https://rbnk.me/i/nYzGu_cAA9A
9870062736,Receipt,4-Nov-22,,,The Creative Toy Shop,468 - Toys & Books,,,,,29.91,329,AUD,29.91,329,claimed,,Animals ,https://rbnk.me/i/kAWdW5dhRrY
9870062496,Invoice,4-Nov-22,11-Nov-22,ER310269,Online Retail Group,468 - Toys & Books,,,,,15.23,167.55,AUD,15.23,167.55,claimed,,Dolls,https://rbnk.me/i/FdRYiM2zzLE
9870010966,Receipt,4-Nov-22,,,Scrubby Dub,315 - Cleaning & Laundry,,,,,0,80,AUD,0,80,claimed,,2hr Cleaning,https://rbnk.me/i/UirhN8SVzJQ
9867173184,Receipt,1-Nov-22,,,The Creative Toy Shop,391 - Memberships and Subscriptions,,,,,4.99,54.89,AUD,4.99,54.89,claimed,,Toy Subscription,https://rbnk.me/i/cYfY_03G3MI
9866675831,Invoice,31-Oct-22,7-Nov-22,,Kahlia Jane Phillips,400-1 - Motor Vehicle Expenses,,,New (2064),New (2064),9.09,100,AUD,9.09,100,claimed,,Car Seat Inspection with Safe Kids Australia ,https://rbnk.me/i/0nEGCFUtsQU
9865461735,Receipt,30-Oct-22,,,Kylie Rogers,355 - Food & Drink,,,,,0,80,AUD,0,80,claimed,,Halloween Cupcakes,https://rbnk.me/i/wZ9ksGzikHI
9864562285,Receipt,28-Oct-22,,,Samantha Chaseling,468 - Toys & Books,,,,,0,480,AUD,0,480,claimed,"As the date was either incomplete or not visible on this item, we have used the date of submission.",Handmade Wooden Toys,https://rbnk.me/i/EaZO36OY2kY
9862649964,Receipt,26-Oct-22,,,Courtney March-Peach,344 - Excursions,,,,,0,50,AUD,0,50,claimed,,Kindermusik,https://rbnk.me/i/jsBm124z-2o
9861666493,Receipt,18-Oct-22,,,Educators Domain,467 - Teaching Materials and Supplies,,,,,4.54,49.95,AUD,4.54,49.95,claimed,,QIP Templete,https://rbnk.me/i/IGLBlVx_QXg
9860263589,Invoice,22-Oct-22,29-Oct-22,12213,Ginger Monkey,392 - Miscellaneous / General Expenses,,,,,0,240,AUD,0,240,claimed,,Wall Sticker,https://rbnk.me/i/loMf1zfaf1Y
9859344206,Receipt,21-Oct-22,,,Scrubby Dub,467 - Teaching Materials and Supplies,,,,,0,80,AUD,0,80,claimed,,2Hr Cleaning,https://rbnk.me/i/R8PreUGoUEE
9858337859,Invoice,20-Oct-22,27-Oct-22,CB20221071552,Reading Eggs,391 - Memberships and Subscriptions,,,New (2064),New (2064),1.27,13.99,AUD,1.27,13.99,claimed,,Subscription,https://rbnk.me/i/4nxHBa4szM8
9857239108,Invoice,15-Oct-22,22-Oct-22,7097002,Inspirations Paint Mackay,448 - Repairs and Maintenance,,,,,26.43,290.66,AUD,26.43,290.66,claimed,,Garage Renovation ,https://rbnk.me/i/F7eb4vIrS6o
9856172853,Receipt,18-Oct-22,,,Nestling And Nook,305 - Art & Craft,,,,,5.36,58.95,AUD,5.36,58.95,claimed,,Christmas ,https://rbnk.me/i/gXyNxoBJt60
9855024505,Receipt,17-Oct-22,,,Teachers Pay Teachers,467 - Teaching Materials and Supplies,,,,,0.18,1.93,USD,0.29,3.11,claimed,,Learning Resources,https://rbnk.me/i/k1YQTBANaHo
9855008827,Receipt,17-Oct-22,,,Let Them Play Toys,391 - Memberships and Subscriptions,,,,,3.46,49,AUD,3.46,49,claimed,,Subscription,https://rbnk.me/i/VRE69F43F2Y
9854759314,Receipt,15-Oct-22,,,The Creative Toy Shop,391 - Memberships and Subscriptions,,,,,7.27,80,AUD,7.27,80,claimed,,Maileg Subscription,https://rbnk.me/i/sP_tvuoZZtU
9852674433,Invoice,13-Oct-22,20-Oct-22,,beadiebugplay,468 - Toys & Books,,,New (2064),New (2064),7.82,86.01,AUD,7.82,86.01,claimed,,Play-Dough Toys,https://rbnk.me/i/wHQZnEvx6_s
9850675087,Receipt,11-Oct-22,,,Australia Post,"424 - Postage, Printing & Stationery",,,New (9088),New (9088),1.2,13.15,AUD,1.2,13.15,claimed,,Envelopes,https://rbnk.me/i/tKopQzxMZsE
9850530584,Receipt,11-Oct-22,,,Neptune Blanket,"342 - Equipment costing less than $5,000",,,,,26.12,287.28,AUD,26.12,287.28,claimed,,Mellow Mat,https://rbnk.me/i/a9Sf61G_J5c
9849596129,Receipt,10-Oct-22,,,Kylie Rogers,355 - Food & Drink,,,,,0,40,AUD,0,40,claimed,,Cupcakes,https://rbnk.me/i/UUrZye877Us
9849482320,Receipt,10-Oct-22,,,Ikea,"342 - Equipment costing less than $5,000",,,New (2064),New (2064),13.37,147,AUD,13.37,147,claimed,,Toy Cupboards ,https://rbnk.me/i/SKRZ2e7nbRU
9848083990,Receipt,7-Oct-22,,,Scrubby Dub,315 - Cleaning & Laundry,,,,,0,80,AUD,0,80,claimed,,2Hr Cleaning ,https://rbnk.me/i/UcFRix5pj9I
9848028579,Invoice,27-Sep-22,4-Oct-22,38952,JM'S Airconditioning & Refrigeration,448 - Repairs and Maintenance,,,,,550,6050,AUD,550,6050,claimed,,Garage Air Conditioner Installation,https://rbnk.me/i/eGC7kKg5Wqg
9843203279,Receipt,1-Oct-22,,,The Creative Toy Shop,391 - Memberships and Subscriptions,,,,,4.99,54.89,AUD,4.99,54.89,claimed,,Toy Subscription,https://rbnk.me/i/BPEF4_YJe48
9843139172,Receipt,1-Oct-22,,,Grandmas Pantry,355 - Food & Drink,,,,,0,140.18,AUD,0,140.18,claimed,,Cooking experience/Meal Prep,https://rbnk.me/i/b06sZ6KYuM0
9842381633,Receipt,30-Sep-22,,,Tara Treasures,468 - Toys & Books,,,New (2064),New (2064),10.37,114,AUD,10.37,114,claimed,,Bird Week,https://rbnk.me/i/vstnXEcLCVI
9840458411,Receipt,28-Sep-22,,,The Creative Toy Shop,468 - Toys & Books,,,,,13.59,160.45,AUD,13.59,160.45,claimed,,Christmas ,https://rbnk.me/i/135pV-NcXc8
9840032735,Receipt,27-Sep-22,,,The Creative Toy Shop,468 - Toys & Books,,,,,48.63,534.95,AUD,48.63,534.95,claimed,,DollHouse,https://rbnk.me/i/5xMpgbTbbPA
9839469208,Receipt,25-Sep-22,,,Learn By Play,468 - Toys & Books,,,,,0,175.2,AUD,0,175.2,claimed,,Toys,https://rbnk.me/i/O-LKBTBDYdo
9838170983,Receipt,24-Sep-22,,,Cuttercraft,355 - Food & Drink,,,,,13.26,145.9,AUD,13.26,145.9,claimed,,Cooking Experience ,https://rbnk.me/i/rm1CcuMzjyo
9837483689,Receipt,23-Sep-22,,,Buttonworks Australia,468 - Toys & Books,,,,,7.64,84,AUD,7.64,84,claimed,,Bird Week,https://rbnk.me/i/QEPfzxXDxAE
9834569250,Invoice,20-Sep-22,27-Sep-22,CB20221004332,Reading Eggs,391 - Memberships and Subscriptions,,,New (2064),New (2064),1.27,13.99,AUD,1.27,13.99,claimed,,Subscription ,https://rbnk.me/i/G4GF2Aegfps
9834505893,Receipt,20-Sep-22,,,Target,468 - Toys & Books,,,,,15.36,169,AUD,15.36,169,claimed,,Toys,https://rbnk.me/i/X_slHqMODJE
9834480740,Receipt,20-Sep-22,,,Sass And Spunk Styles,467 - Teaching Materials and Supplies,,,,,11.05,136.55,AUD,11.05,136.55,claimed,,Recycling Week,https://rbnk.me/i/YR1AZJ5Hxmk
9833832692,Invoice,19-Sep-22,26-Sep-22,,Discount Party Supplies,467 - Teaching Materials and Supplies,,,,,18.02,198.23,AUD,18.02,198.23,claimed,,Mixed Events,https://rbnk.me/i/kjP4vhrNX6Y
9832042124,Receipt,15-Sep-22,,,The Creative Toy Shop,391 - Memberships and Subscriptions,,,,,7.27,80,AUD,7.27,80,claimed,,Subscription ,https://rbnk.me/i/tC4w7XiQw_U
9830561737,Receipt,14-Sep-22,,,Wrapped By Design,468 - Toys & Books,,,,,6.59,72.5,AUD,6.59,72.5,claimed,,Halloween,https://rbnk.me/i/iG9gBDj9u6o
9829474052,Receipt,13-Sep-22,,,Kmart,468 - Toys & Books,,,,,8.59,94.75,AUD,8.59,94.75,claimed,,Halloween ,https://rbnk.me/i/JIoeNoVknWo
9826305636,Receipt,5-Sep-22,,,RM Cain,467 - Teaching Materials and Supplies,,,,,0,20,AUD,0,20,claimed,,Halloween ,https://rbnk.me/i/cxhPcE_IzQU
9826298703,Receipt,8-Sep-22,,,Catch.com.au,"342 - Equipment costing less than $5,000",,,,,0,380.46,AUD,0,380.46,claimed,,Christmas Tree,https://rbnk.me/i/DjIfjE_2_bY
9825279015,Invoice,7-Sep-22,14-Sep-22,,Allure Natural,317 - Consumables,,,New (2064),New (2064),10.72,117.9,AUD,10.72,117.9,claimed,,Office Gifts,https://rbnk.me/i/0hcWzNR3J4I
9825276578,Receipt,7-Sep-22,,,Courtney March-Peach,344 - Excursions,,,,,0,20,AUD,0,20,claimed,,Kindermusik ,https://rbnk.me/i/8VqcSIVgb54
9824394241,Receipt,6-Sep-22,,,Tara Treasures,468 - Toys & Books,,,New (2064),New (2064),10.91,120,AUD,10.91,120,claimed,,Space week,https://rbnk.me/i/wUr-9WTUUqg
9824212152,Receipt,6-Sep-22,,,Juni Moon,468 - Toys & Books,,,New (2064),New (2064),9.9,108.91,AUD,9.9,108.91,claimed,,Christmas ,https://rbnk.me/i/NSRy-1VWRrs
9822907337,Receipt,4-Sep-22,,,Kmart,468 - Toys & Books,,,,,14.57,160.25,AUD,14.57,160.25,claimed,,Storage ,https://rbnk.me/i/7IPreQVAPs4
9822902480,Receipt,4-Sep-22,,,My Magical Moments,468 - Toys & Books,,,,,10.21,112.1,AUD,10.21,112.1,claimed,,Christmas ,https://rbnk.me/i/VhdOKC1mp6s
9821550417,Receipt,2-Sep-22,,,The Creative Toy Shop,468 - Toys & Books,,,,,27.05,297.5,AUD,27.05,297.5,claimed,,Sensory Toys,https://rbnk.me/i/ibJ90e6sKT0
9821320818,Receipt,1-Sep-22,,,The Creative Toy Shop,391 - Memberships and Subscriptions,,,,,4.99,54.89,AUD,4.99,54.89,claimed,,Subscription ,https://rbnk.me/i/E-Fm0NlvfQA
9820912641,Receipt,1-Sep-22,,,Modern Teaching Aids,"342 - Equipment costing less than $5,000",,,,,47.22,519.44,AUD,47.22,519.44,claimed,,Outdoor Equipment ,https://rbnk.me/i/UgKZqfAWKjk
9820855999,Receipt,1-Sep-22,,,RM Cain,467 - Teaching Materials and Supplies,,,,,0,40,AUD,0,40,claimed,,Toys,https://rbnk.me/i/3DZMLtHcmqo
9820756912,Receipt,1-Sep-22,,,Practically Playing,391 - Memberships and Subscriptions,,,New (2064),New (2064),0,58.99,USD,0,85.56,claimed,,Sensory Table Subscription ,https://rbnk.me/i/fmC6jTw-1W0
9819902135,Receipt,31-Aug-22,,,Courtney March-Peach,344 - Excursions,,,,,0,20,AUD,0,20,claimed,,Kindermusik ,https://rbnk.me/i/ZcyQXHWEblA
9819023633,Receipt,30-Aug-22,,,Story Book Cakes,305 - Art & Craft,,,New (2064),New (2064),0,121.8,AUD,0,121.8,claimed,,Christmas ,https://rbnk.me/i/DoCTTzlZScg
9819016707,Receipt,30-Aug-22,,,Shazza's Creationz,317 - Consumables,,,New (2064),New (2064),0,119,AUD,0,119,claimed,,Office Gifts,https://rbnk.me/i/rqFgAMlRlBI
9818099987,Receipt,27-Aug-22,,,Design Bundles,305 - Art & Craft,,,,,0,2.7,AUD,0,2.7,claimed,,Cricut Designs,https://rbnk.me/i/AUY9cmDs5GA
9818036134,Receipt,27-Aug-22,,,Design Bundles,305 - Art & Craft,,,,,0,3.6,USD,0,5.21,claimed,,Cricut Designs,https://rbnk.me/i/1ykSxW2K2bI
9817399558,Receipt,26-Aug-22,,,Ikea,"342 - Equipment costing less than $5,000",,,New (2064),New (2064),31.37,345,AUD,31.37,345,claimed,,Trofast Cupboard and Peg Boards,https://rbnk.me/i/sx9ZBOVEw_4
9817387600,Receipt,26-Aug-22,,,Etsy,305 - Art & Craft,,,New (2064),New (2064),0.45,4.98,AUD,0.45,4.98,claimed,,Cricut Designs ,https://rbnk.me/i/8WkPg6xKPVE
9817356432,Receipt,26-Aug-22,,,Skat Katz,305 - Art & Craft,,,,,10.91,129.9,AUD,10.91,129.9,claimed,,Cricut Father’s Day/Halloween,https://rbnk.me/i/Qktu3EZOn-M
9815869538,Receipt,24-Aug-22,,,Courtney March-Peach,344 - Excursions,,,,,0,25,AUD,0,25,claimed,,Kindermusik ,https://rbnk.me/i/Ke60rdYfUqI
9814032996,Receipt,21-Aug-22,,,The Creative Toy Shop,468 - Toys & Books,,,,,12.7,150.7,AUD,12.7,150.7,claimed,,Toys,https://rbnk.me/i/7cy4pQ62R2c
9814020290,Receipt,21-Aug-22,,,Ikea,468 - Toys & Books,,,New (2064),New (2064),24.46,269,AUD,24.46,269,claimed,,Toy Boxes,https://rbnk.me/i/3uB2xynPPLI
9813838102,Invoice,20-Aug-22,27-Aug-22,CB2022938109,Reading Eggs,391 - Memberships and Subscriptions,,,New (2064),New (2064),1.27,13.99,AUD,1.27,13.99,claimed,,Reading Program Subscription ,https://rbnk.me/i/nxCvZIjjxgM
9813261613,Receipt,19-Aug-22,,,Juni Moon,468 - Toys & Books,,,,,9.84,128.23,AUD,9.84,128.23,claimed,,Home Corner,https://rbnk.me/i/L8K69Y917xQ
9813215932,Receipt,19-Aug-22,,,Kmart,305 - Art & Craft,,,,,13.86,152.5,AUD,13.86,152.5,claimed,,Halloween,https://rbnk.me/i/SAvhACvAVJA
9812592660,Receipt,18-Aug-22,,,Etsy,317 - Consumables,,,New (2064),New (2064),0,98.59,AUD,0,98.59,claimed,,Educators Day ,https://rbnk.me/i/BaPh-JtiEI8
9811699415,Receipt,17-Aug-22,,,Courtney March-Peach,344 - Excursions,,,,,0,20,AUD,0,20,claimed,,Kindermusik ,https://rbnk.me/i/k3v9_ij9a6M
9811639012,Receipt,16-Aug-22,,,The Creative Toy Shop,391 - Memberships and Subscriptions,,,,,7.27,80,AUD,7.27,80,claimed,,Toy Subscription ,https://rbnk.me/i/ncdt9BC3hr8
9810989736,Receipt,16-Aug-22,,,The Creative Toy Shop,468 - Toys & Books,,,,,22.8,250.8,AUD,22.8,250.8,claimed,,Toys,https://rbnk.me/i/o3dd1ZygR-8
9809279220,Receipt,12-Aug-22,,,Teacher Tom,"475 - Workshops, Conferences & Training",,,,,0,97,USD,0,136.26,claimed,,Up Skilling,https://rbnk.me/i/q6xF8ao04qo
9808542266,Receipt,11-Aug-22,,,Juni Moon,468 - Toys & Books,,,New (2064),New (2064),17.09,187.99,AUD,17.09,187.99,claimed,,Home Corner,https://rbnk.me/i/dEAYAVi89dQ
9807690480,Receipt,10-Aug-22,,,Courtney March-Peach,344 - Excursions,,,,,0,20,AUD,0,20,claimed,,Kindermusik ,https://rbnk.me/i/PfXO-tu4a0c
9806052912,Receipt,8-Aug-22,,,RM Cain,467 - Teaching Materials and Supplies,,,,,0,36,AUD,0,36,claimed,,Cookies,https://rbnk.me/i/t_f8BQu0rGg
9805971617,Invoice,8-Aug-22,15-Aug-22,161264463,Spotlight Mackay,305 - Art & Craft,,,,,14.31,157.44,AUD,14.31,157.44,claimed,,Fathers Day/Halloween/Christmas,https://rbnk.me/i/Eq3jqVMJg5o
9805964221,Receipt,7-Aug-22,,,Target,468 - Toys & Books,,,,,15.29,168.2,AUD,15.29,168.2,claimed,,Kitchen,https://rbnk.me/i/-npFK2B3n-c
9804877237,Receipt,5-Aug-22,,,Juni Moon,468 - Toys & Books,,,New (2064),New (2064),11.42,150.6,AUD,11.42,150.6,claimed,,Home Corner,https://rbnk.me/i/fxxsmHZbSQc
9804058624,Receipt,4-Aug-22,,,BIGW,468 - Toys & Books,,,New (2064),New (2064),0,118.6,AUD,0,118.6,claimed,,Book Week Cooking,https://rbnk.me/i/43SgP4noQws
9804005329,Receipt,4-Aug-22,,,Red Nose,335 - Donations,,,,,1.13,38.5,AUD,1.13,38.5,claimed,,Red Nose Day,https://rbnk.me/i/pchiAB0VCus
9804002037,Receipt,4-Aug-22,,,Grandmas Pantry,355 - Food & Drink,,,,,0,116.16,AUD,0,116.16,claimed,,Fathers Day Spices,https://rbnk.me/i/DLgTkEoXb78
9804002032,Invoice,4-Aug-22,11-Aug-22,408346,Madeit,305 - Art & Craft,,,,,0,34,AUD,0,34,claimed,,Fathers Day,https://rbnk.me/i/LDwc4nweyNA
9803146595,Receipt,3-Aug-22,,,Kylie Rogers,355 - Food & Drink,,,,,0,35,AUD,0,35,claimed,"As the date was either incomplete or not visible on this item, we have used the date of submission.",Jeans fro Genes Day Cookies,https://rbnk.me/i/Hph_0Jtheqs
9803004022,Receipt,3-Aug-22,,,Courtney March-Peach,344 - Excursions,,,,,0,25,AUD,0,25,claimed,,Kindermusik ,https://rbnk.me/i/uj5u7XwUK1o
9801381373,Receipt,1-Aug-22,,,The Creative Toy Shop,391 - Memberships and Subscriptions,,,,,4.99,54.89,AUD,4.99,54.89,claimed,,Toy Subscription ,https://rbnk.me/i/SvfmQCR52oo
9800446132,Receipt,29-Jul-22,,,The Creative Toy Shop,391 - Memberships and Subscriptions,,,,,0,80,AUD,0,80,claimed,"As the date was either incomplete or not visible on this item, we have used the date of submission.",Subscription ,https://rbnk.me/i/2m_6Cr7MkAQ
9799008076,Receipt,28-Jul-22,,,Oskar's Wooden Ark,468 - Toys & Books,,,,,15.82,174,AUD,15.82,174,claimed,,Book Week,https://rbnk.me/i/9FlHSOTREyA
9798989928,Receipt,28-Jul-22,,,Kennedy Farm Produce,317 - Consumables,,,,,0,28.95,AUD,0,28.95,claimed,,Science Week,https://rbnk.me/i/OYuI-T7BHHQ
9795397748,Receipt,22-Jul-22,,,The Creative Toy Shop,468 - Toys & Books,,,New (2064),New (2064),1.11,23.15,AUD,1.11,23.15,claimed,,Toys,https://rbnk.me/i/p--MVWdd0QQ
9795382746,Receipt,22-Jul-22,,,The Creative Toy Shop,468 - Toys & Books,,,New (2064),New (2064),11,121,AUD,11,121,claimed,,Toys,https://rbnk.me/i/hf97ZIdl_Fk
9795382000,Receipt,22-Jul-22,,,The Creative Toy Shop,468 - Toys & Books,,,,,26.08,286.9,AUD,26.08,286.9,claimed,,Toys,https://rbnk.me/i/TRGtpqHai98
9795028069,Receipt,22-Jul-22,,,The Pyjama Foundation,335 - Donations,,,,,0,150,AUD,0,150,claimed,,PJ Day,https://rbnk.me/i/cv6dVIHI8ps
9795023286,Receipt,22-Jul-22,,,Juni Moon,468 - Toys & Books,,,New (2064),New (2064),27.73,304.99,AUD,27.73,304.99,claimed,,BBQ,https://rbnk.me/i/HJfUOQU2xXQ
9793209396,Invoice,20-Jul-22,27-Jul-22,CB2022875450,Reading Eggs,391 - Memberships and Subscriptions,,,New (2064),New (2064),1.27,13.99,AUD,1.27,13.99,claimed,,Subscription ,https://rbnk.me/i/kgkVIzA_0wM
9793150772,Receipt,20-Jul-22,,,Courtney March-Peach,344 - Excursions,,,,,0,25,AUD,0,25,claimed,,Kindermusik ,https://rbnk.me/i/nhrVZkup2pI
9792111620,Receipt,19-Jul-22,,,Scholastic,468 - Toys & Books,,,,,0,208,AUD,0,208,claimed,,Books,https://rbnk.me/i/Pys9MtTMASE
9791149514,Receipt,18-Jul-22,,,Supercheap Auto,469 - Travelling Expenses,,,,,0,64.98,AUD,0,64.98,claimed,,Buckle Extension ,https://rbnk.me/i/AGvwqDh7Dt4
9791149316,Invoice,18-Jul-22,25-Jul-22,156190,Baby Today,469 - Travelling Expenses,,,New (2064),New (2064),11.34,124.75,AUD,11.34,124.75,claimed,,Anchor Extensions,https://rbnk.me/i/bmSqtBcJFM8
9790275102,Receipt,15-Jul-22,,,The Creative Toy Shop,391 - Memberships and Subscriptions,,,,,7.27,80,AUD,7.27,80,claimed,,Subscription ,https://rbnk.me/i/q2sG-RW5ARU
9789207998,Receipt,13-Jul-22,,,Doterra,315 - Cleaning & Laundry,,,,,12.95,142.95,AUD,12.95,142.95,claimed,,Cleaning,https://rbnk.me/i/OsQDT0PacEk
9784996519,Receipt,8-Jul-22,,,Mel Costello,355 - Food & Drink,,,,,0,72,AUD,0,72,claimed,,Dinosaur Cookies,https://rbnk.me/i/jJi8xgChfP0
9784994220,Invoice,7-Jul-22,14-Jul-22,IN011795/2022,Sass And Spunk Styles,467 - Teaching Materials and Supplies,,,,,8.25,101.55,AUD,8.25,101.55,claimed,,Water Play,https://rbnk.me/i/fTMPwlYi8l8
9782178795,Receipt,5-Jul-22,,,Teachers Pay Teachers,467 - Teaching Materials and Supplies,,,New (4744),New (4744),0.1,1.1,USD,0.15,1.6,claimed,,NAIDOC week,https://rbnk.me/i/9wW2l5eo5_E
9780537505,Receipt,1-Jul-22,,,The Creative Toy Shop,391 - Memberships and Subscriptions,,,,,4.99,54.89,AUD,4.99,54.89,claimed,,Subscription ,https://rbnk.me/i/US4Z_RbrOVE
9779587981,Receipt,1-Jul-22,,,Modern Teaching Aids,467 - Teaching Materials and Supplies,,,,,5.61,61.68,AUD,5.61,61.68,claimed,,2023 Diary ,https://rbnk.me/i/ZPZvbiO83sg